Molecule,Parent,SMILES,outer_fold,max_similarity_to_train,min_euclidean_distance_to_train,max_cosine_similarity_to_train
Labetalol_96,Labetalol,C[C@H](CCc1ccccc1)NC[C@@H](O)c1ccc(O)c(C(N)=O)c1,1,0.6666666666666666,2.5624542922753553,0.9962450374412041
Olsalazine_38,Olsalazine,O=C([O-])c1cc(/N=N\c2ccc(O)c(C(=O)[O-])c2)ccc1[O-],1,0.5,11.549515963883639,0.9844617444962848
Cephalexin_47,Cephalexin,CC1=C(C(=O)[O-])N2C(=O)[C@@H](NC(=O)[C@@H](N)c3ccccc3)[C@H]2SC1,1,0.2361111111111111,2.1097727365757164,0.9994468922463002
Bupropion_34,Bupropion,C[C@@H]([NH2+]C(C)(C)C)C(=O)c1cccc(Cl)c1,1,0.31666666666666665,1.6638713892606127,0.9987825675727631
Practolol_62,Practolol,CC(=O)Nc1ccc(OC[C@H](O)CNC(C)C)cc1,1,0.3617021276595745,2.2346995323755054,0.9979460609887008
Terbutaline_105,Terbutaline,CC(C)(C)[NH2+]C[C@@H](O)c1cc([O-])cc(O)c1,1,0.25,2.180771652419864,0.9988276647393235
Practolol_63,Practolol,CC(=O)Nc1ccc(OC[C@@H](O)C[NH2+]C(C)C)cc1,1,0.44,2.3041241286008125,0.9980414039305331
Labetalol_97,Labetalol,C[C@@H](CCc1ccccc1)[NH2+]C[C@@H](O)c1ccc([O-])c(C(N)=O)c1,1,1.0,0.5588318172779964,0.999896480053762
Lucifer_Yellow_11,Lucifer_Yellow,NNC(=O)N1C(=O)c2cc(S(=O)(=O)[O-])cc3c(N)c(S(=O)(=O)[O-])cc(c23)C1=O,1,0.18823529411764706,10.430364758722437,0.988543722014901
Sotalol_91,Sotalol,CC(C)[NH2+]C[C@@H](O)c1ccc([N-]S(C)(=O)=O)cc1,1,0.3,3.362822772612337,0.9977014843722448
Timolol_116,Timolol,CC(C)(C)NC[C@@H](O)COc1nsnc1N1CCOCC1,1,0.25333333333333335,1.71323582731574,0.9986018293291539
Trimethoprim_126,Trimethoprim,COc1cc(Cc2cnc(N)[nH+]c2N)cc(OC)c1OC,1,0.625,3.283574119766698,0.9956643205005388
Timolol_117,Timolol,CC(C)(C)[NH2+]C[C@H](O)COc1nsnc1N1CCOCC1,1,0.2702702702702703,1.616888988148964,0.9987767812752344
Ketoprofen_95,Ketoprofen,C[C@@H](C(=O)[O-])c1cccc(C(=O)c2ccccc2)c1,1,0.2857142857142857,3.4132863929064383,0.9942731283251152
Lisinopril_2,Lisinopril,[NH3+]CCCC[C@H]([NH2+][C@H](CCc1ccccc1)C(=O)[O-])C(=O)N1CCC[C@@H]1C(=O)[O-],1,0.24050632911392406,4.928055194495853,0.9984964822415868
Cefatrizine_41,Cefatrizine,N[C@@H](C(=O)N[C@@H]1C(=O)N2C(C(=O)[O-])=C(CSc3c[nH]nn3)CS[C@H]12)c1ccc(O)cc1,1,0.18478260869565216,5.908225368077998,0.9993755505289565
Labetalol_98,Labetalol,C[C@@H](CCc1ccccc1)[NH2+]C[C@H](O)c1ccc(O)c(C(N)=O)c1,1,1.0,0.564191456865882,0.9998219802982189
Acetylsalicylic_Acid_5,Acetylsalicylic_Acid,CC(=O)Oc1ccccc1C(=O)[O-],1,0.38461538461538464,4.616798241205709,0.9857288728578261
Acyclovir_9,Acyclovir,Nc1nc2c(ncn2COCCO)c(=O)[nH]1,1,0.2631578947368421,3.183374781579575,0.9989481354575654
Guanabenz_87,Guanabenz,NC(=[NH2+])N/N=C/c1c(Cl)cccc1Cl,1,1.0,0.01830300521752225,0.9999964442934671
Pindolol_61,Pindolol,CC(C)[NH2+]C[C@@H](O)COc1cccc2[nH]ccc12,1,0.6444444444444445,2.0386721168450075,0.9990831056881245
Lisinopril_3,Lisinopril,[NH3+]CCCC[C@H](N[C@H](CCc1ccccc1)C(=O)[O-])C(=O)N1CCC[C@@H]1C(=O)[O-],1,0.273972602739726,4.657427186763002,0.9982026262655497
Penicillin_V_49,Penicillin_V,CC1(C)S[C@H]2[C@H](NC(=O)COc3ccccc3)C(=O)N2[C@@H]1C(=O)O,1,0.3055555555555556,2.01865029165497,0.9985674136652185
Phenytoin_59,Phenytoin,O=C1NC(=O)C(c2ccccc2)(c2ccccc2)N1,1,0.20754716981132076,2.2838955755467083,0.9991807842791245
Cephalexin_48,Cephalexin,CC1=C(C(=O)[O-])N2C(=O)[C@H](NC(=O)[C@@H]([NH3+])c3ccccc3)[C@@H]2SC1,1,0.2535211267605634,2.190149538273447,0.9995622221713318
Acyclovir_11,Acyclovir,Nc1[nH]c(=O)c2ncn(COCCO)c2[nH+]1,1,0.23333333333333334,5.090443202709018,0.9977201591802647
Cefatrizine_43,Cefatrizine,N[C@@H](C(=O)N[C@@H]1C(=O)N2C(C(=O)[O-])=C(CSc3cnn[n-]3)CS[C@@H]12)c1ccc(O)cc1,1,0.18181818181818182,9.26775754969882,0.9985574160776316
Sumatriptan_98,Sumatriptan,CNS(=O)(=O)Cc1ccc2[nH]cc(CC[NH+](C)C)c2c1,1,0.2727272727272727,2.382305186158585,0.9995510367237909
Alprenolol_12,Alprenolol,C=CCc1ccccc1OC[C@H](O)CNC(C)C,1,0.41509433962264153,2.562056205472533,0.9966228941769665
Terbutaline_103,Terbutaline,CC(C)(C)NC[C@H](O)c1cc(O)cc(O)c1,1,0.2,2.257233483714003,0.99811464131073
Trimethoprim_124,Trimethoprim,COc1cc(Cc2cnc(N)nc2N)cc(OC)c1OC,1,0.6041666666666666,2.958525646331355,0.9972991892679441
Gabapentin_81,Gabapentin,[NH3+]CC1(CC(=O)[O-])CCCCC1,1,0.21739130434782608,3.004453527681933,0.9980570571304938
Loracarbef_4,Loracarbef,N[C@@H](C(=O)N[C@@H]1C(=O)N2C(C(=O)O)=C(Cl)CC[C@@H]12)c1ccccc1,1,0.2112676056338028,3.7218954848297505,0.9990040244704619
Atenolol_29,Atenolol,CC(C)[NH2+]C[C@H](O)COc1ccc(CC(N)=O)cc1,1,0.44,2.8459381581471495,0.9976866409804491
Salicylic_Acid_82,Salicylic_Acid,O=C([O-])c1ccccc1O,1,0.4117647058823529,6.259813256000571,0.9969002576635766
Olsalazine_39,Olsalazine,O=C([O-])c1cc(/N=N/c2ccc(O)c(C(=O)[O-])c2)ccc1O,1,0.5581395348837209,6.440539651302653,0.9931332952295777
Ondansetron_44,Ondansetron,Cc1nccn1C[C@@H]1CCc2c(c3ccccc3n2C)C1=O,1,0.2903225806451613,1.5342890861887797,0.9993643722160168
Sulfasalazine_95,Sulfasalazine,O=C([O-])c1cc(/N=N/c2ccc(S(=O)(=O)/N=c3/cccc[nH]3)cc2)ccc1O,1,1.0,1.3242156168835222,0.9998884810482984
Propranolol_67,Propranolol,CC(C)[NH2+]C[C@H](O)COc1cccc2ccccc12,1,1.0,0.17595169791782705,0.9999656401002996
Cefatrizine_42,Cefatrizine,[NH3+][C@@H](C(=O)N[C@H]1C(=O)N2C(C(=O)[O-])=C(CSc3cnn[nH]3)CS[C@H]12)c1ccc(O)cc1,1,0.19101123595505617,5.6489791113088454,0.9992222249795789
Trimethoprim_125,Trimethoprim,COc1cc(Cc2c[nH+]c(N)nc2N)cc(OC)c1OC,1,0.5918367346938775,2.7270995581389696,0.9972288329899788
Acrivastine_8,Acrivastine,Cc1ccc(/C(=C\C[NH+]2CCCC2)c2cccc(/C=C\C(=O)[O-])[nH+]2)cc1,1,0.25757575757575757,3.5853600934913623,0.9951379102420054
Sumatriptan_99,Sumatriptan,C[N-]S(=O)(=O)Cc1ccc2[nH]cc(CC[NH+](C)C)c2c1,1,0.2727272727272727,2.131037071474382,0.9991484469389784
Cephalexin_46,Cephalexin,CC1=C(C(=O)O)N2C(=O)[C@H](NC(=O)[C@H](N)c3ccccc3)[C@@H]2SC1,1,0.2236842105263158,3.6362926174872485,0.9995221539709714
Dexamethasone_59,Dexamethasone,C[C@@H]1C[C@H]2[C@@H]3CCC4=CC(=O)C=C[C@]4(C)[C@@]3(F)[C@@H](O)C[C@]2(C)[C@]1(O)C(=O)CO,1,0.23376623376623376,4.3224060429348,0.998145201214273
Lamotrigine_99,Lamotrigine,Nc1nnc(-c2cccc(Cl)c2Cl)c(N)n1,1,0.32653061224489793,4.148153685677739,0.993841722341764
Metoprolol_23,Metoprolol,COCCc1ccc(OC[C@@H](O)C[NH2+]C(C)C)cc1,1,0.4489795918367347,1.964322784065753,0.9970435437091354
Ondansetron_45,Ondansetron,Cc1[nH+]ccn1C[C@@H]1CCc2c(c3ccccc3n2C)C1=O,1,0.2903225806451613,2.0259035021435787,0.9993962457354317
Furosemide_79,Furosemide,NS(=O)(=O)c1cc(C(=O)[O-])c(NCc2ccco2)cc1Cl,1,0.3026315789473684,5.5175242636531845,0.9976977855012369
Olsalazine_41,Olsalazine,O=C([O-])C1=C/C(=N/Nc2ccc(O)c(C(=O)[O-])c2)C=CC1=O,1,0.5172413793103449,3.650785668866587,0.9984528652591044
Terbutaline_104,Terbutaline,CC(C)(C)[NH2+]C[C@H](O)c1cc(O)cc(O)c1,1,0.28205128205128205,1.9933933380040025,0.9985107831131157
Propylthiouracil_68,Propylthiouracil,CCCc1cc(=O)[nH]c(=S)[nH]1,1,0.3018867924528302,1.70354982316307,0.9990351912037437
Chlorothiazide_49,Chlorothiazide,NS(=O)(=O)c1cc2c(cc1Cl)NC=NS2(=O)=O,1,0.17721518987341772,5.815841813529822,0.9965865137854715
Furosemide_78,Furosemide,NS(=O)(=O)c1cc(C(=O)O)c(NCc2ccco2)cc1Cl,1,0.30666666666666664,3.994318214664179,0.9992200752400632
Cefuroxime_44,Cefuroxime,CO/N=C(\C(=O)N[C@@H]1C(=O)N2C(C(=O)O)=C(COC(N)=O)CS[C@@H]12)c1ccco1,1,0.23655913978494625,6.12961931933741,0.9991864224500252
Amoxicillin_26,Amoxicillin,CC1(C)S[C@@H]2[C@H](NC(=O)[C@H]([NH3+])c3ccc(O)cc3)C(=O)N2[C@@H]1C(=O)[O-],1,0.2054794520547945,2.6983339304095977,0.9991540493845642
Pindolol_60,Pindolol,CC(C)NC[C@@H](O)COc1cccc2[nH]ccc12,1,0.39622641509433965,2.3256412019053196,0.9991572368538625
Corticosterone_58,Corticosterone,C[C@]12C[C@@H](O)[C@@H]3[C@H](CCC4=CC(=O)CC[C@]43C)[C@H]1CC[C@@H]2C(=O)CO,1,0.22784810126582278,3.088263913592915,0.9994593591135048
Ketoprofen_94,Ketoprofen,C[C@@H](C(=O)O)c1cccc(C(=O)c2ccccc2)c1,1,0.2978723404255319,2.3687218072200555,0.9950401299202087
Acrivastine_6,Acrivastine,Cc1ccc(/C(=C\CN2CCCC2)c2cccc(/C=C\C(=O)O)n2)cc1,1,0.2972972972972973,2.0552749207829106,0.9990161544730346
Olsalazine_40,Olsalazine,O=C([O-])C1=C/C(=N/Nc2ccc([O-])c(C(=O)[O-])c2)C=CC1=O,1,0.5172413793103449,8.26092476663498,0.9929768271749811
Hydrocortisone_92,Hydrocortisone,C[C@@]12CCC(=O)C=C1CC[C@H]1[C@H]2[C@@H](O)C[C@]2(C)[C@@H]1CC[C@]2(O)C(=O)CO,1,0.2727272727272727,4.051742834879877,0.9982600672994734
Metoprolol_22,Metoprolol,COCCc1ccc(OC[C@H](O)CNC(C)C)cc1,1,0.2711864406779661,2.0776814000227786,0.9962284616464088
Alprenolol_13,Alprenolol,C=CCc1ccccc1OC[C@H](O)C[NH2+]C(C)C,1,0.5869565217391305,1.1359423400859032,0.9987638580950369
Sotalol_89,Sotalol,CC(C)NC[C@H](O)c1ccc(NS(C)(=O)=O)cc1,1,0.2549019607843137,2.0499043880141645,0.9980557863742606
Sulfasalazine_92,Sulfasalazine,O=C(O)c1cc(/N=N/c2ccc(S(=O)(=O)Nc3ccccn3)cc2)ccc1O,1,0.4426229508196721,3.7138924324760634,0.9970048797003281
Oxyprenolol_47,Oxyprenolol,C=CCOc1ccccc1OC[C@@H](O)C[NH2+]C(C)C,1,0.6136363636363636,1.8881138736844412,0.9985906141363251
Olsalazine_37,Olsalazine,O=C(O)c1cc(/N=N\c2ccc(O)c(C(=O)O)c2)ccc1O,1,0.40425531914893614,3.7634563900753744,0.9957809594160014
Olsalazine_42,Olsalazine,O=C([O-])c1cc(/N=N/c2ccc([O-])c(C(=O)[O-])c2)ccc1[O-],1,0.5581395348837209,20.501027901059064,0.9584570491132689
Nadolol_31,Nadolol,CC(C)(C)[NH2+]C[C@H](O)COc1cccc2c1C[C@@H](O)[C@H](O)C2,1,0.4,2.2229471428714573,0.9976985568855823
Sotalol_90,Sotalol,CC(C)[NH2+]C[C@H](O)c1ccc(NS(C)(=O)=O)cc1,1,0.3,1.9772298804135675,0.9990371360146333
Loracarbef_5,Loracarbef,N[C@H](C(=O)N[C@H]1C(=O)N2C(C(=O)[O-])=C(Cl)CC[C@@H]12)c1ccccc1,1,0.2222222222222222,2.8523625295532793,0.9996322882117917
Atenolol_28,Atenolol,CC(C)NC[C@H](O)COc1ccc(CC(N)=O)cc1,1,0.29310344827586204,2.611729120716779,0.9990032089599029
Amoxicillin_25,Amoxicillin,CC1(C)S[C@H]2[C@@H](NC(=O)[C@H](N)c3ccc(O)cc3)C(=O)N2[C@H]1C(=O)[O-],1,0.19444444444444445,2.674193897233899,0.9995238934699197
Bretylium_Tosylate_32,Bretylium_Tosylate,CC[N+](C)(C)Cc1ccccc1Br,1,0.2545454545454545,2.4468281508925247,0.997447402396264
Salicylic_Acid_83,Salicylic_Acid,O=C([O-])c1ccccc1[O-],1,0.4117647058823529,9.027303196414715,0.958544762048361
Sulfasalazine_93,Sulfasalazine,O=C([O-])c1cc(/N=N\c2ccc(S(=O)(=O)/N=c3\cccc[nH]3)cc2)ccc1[O-],1,1.0,2.017766587096045,0.9989457575571578
Acrivastine_7,Acrivastine,Cc1ccc(/C(=C/C[NH+]2CCCC2)c2cccc(/C=C\C(=O)[O-])n2)cc1,1,0.2692307692307692,3.152564194429765,0.9960312138054446
Amoxicillin_24,Amoxicillin,CC1(C)S[C@@H]2[C@@H](NC(=O)[C@H](N)c3ccc(O)cc3)C(=O)N2[C@@H]1C(=O)O,1,0.21428571428571427,3.524200051075533,0.9993263228380973
Nadolol_30,Nadolol,CC(C)(C)NC[C@@H](O)COc1cccc2c1C[C@H](O)[C@@H](O)C2,1,0.3050847457627119,2.3767589276154655,0.9982929404089955
Lisinopril_1,Lisinopril,NCCCC[C@@H](N[C@@H](CCc1ccccc1)C(=O)O)C(=O)N1CCC[C@H]1C(=O)O,1,0.25301204819277107,4.284200158722628,0.9988247071251822
Olsalazine_43,Olsalazine,O=C(O)c1cc(/N=N\c2ccc(O)c(C(=O)[O-])c2)ccc1[O-],1,0.47058823529411764,6.98355797570279,0.9909983633174512
Acebutolol_2,Acebutolol,CCCC(=O)Nc1ccc(OC[C@@H](O)C[NH2+]C(C)C)c(C(C)=O)c1,1,0.43103448275862066,2.239476501328294,0.9985007033959362
Fluparoxan_74,Fluparoxan,Fc1cccc2c1O[C@H]1C[NH2+]C[C@@H]1O2,1,0.21818181818181817,1.8559816809440401,0.9966295209251339
Progesterone_65,Progesterone,CC(=O)[C@H]1CC[C@@H]2[C@@H]3CCC4=CC(=O)CC[C@]4(C)[C@H]3CC[C@@]12C,1,0.27692307692307694,2.1689366058050834,0.9999640334771228
Netivudine_32,Netivudine,CC#Cc1cn([C@@H]2O[C@H](CO)[C@@H](O)[C@@H]2O)c(=O)[nH]c1=O,1,0.20634920634920634,3.1444438299965705,0.9994058891005956
Cefatrizine_40,Cefatrizine,N[C@H](C(=O)N[C@H]1C(=O)N2C(C(=O)[O-])=C(CSc3cnn[nH]3)CS[C@H]12)c1ccc(O)cc1,1,0.19101123595505617,5.416890805618645,0.999453962326668
Antipyrine_27,Antipyrine,Cc1cc(=O)n(-c2ccccc2)n1C,1,0.2727272727272727,1.723429429944795,0.9991084301927667
Fluparoxan_73,Fluparoxan,Fc1cccc2c1O[C@@H]1CNC[C@H]1O2,1,0.19672131147540983,2.2155908918391085,0.988910272204099
Hydrochlorothiazide_90,Hydrochlorothiazide,NS(=O)(=O)c1cc2c(cc1Cl)NCNS2(=O)=O,1,0.19642857142857142,4.392787611528885,0.9962547955826098
Acebutolol_1,Acebutolol,CCCC(=O)Nc1ccc(OC[C@@H](O)CNC(C)C)c(C(C)=O)c1,1,0.3508771929824561,2.5416884152073926,0.998130601497992
Testosterone_106,Testosterone,C[C@@]12CC[C@@H]3[C@H](CCC4=CC(=O)CC[C@]43C)[C@H]1CC[C@@H]2O,1,0.2903225806451613,1.2447023740639358,0.9994558340266183
Sulfasalazine_94,Sulfasalazine,O=C([O-])C1=C/C(=N/Nc2ccc(S(=O)(=O)/N=c3\cccc[nH]3)cc2)C=CC1=O,1,1.0,0.33483876717097805,0.9999662737028326
Acyclovir_10,Acyclovir,Nc1nc(=O)c2ncn(COCCO)c2[nH]1,1,0.22388059701492538,3.640713666301653,0.998539399084826
Warfarin_131,Warfarin,CC(=O)C[C@@H](c1ccccc1)c1c([O-])c2ccccc2oc1=O,1,0.3103448275862069,1.0878179994833803,0.9984722866775008
Sumatriptan_97,Sumatriptan,CNS(=O)(=O)Cc1ccc2[nH]cc(CCN(C)C)c2c1,1,0.2727272727272727,1.5969968691263974,0.999515153320618
Acetylsalicylic_Acid_4,Acetylsalicylic_Acid,CC(=O)Oc1ccccc1C(=O)O,1,0.3,3.6934703193608986,0.988790081871317
Hydrochlorothiazide_91,Hydrochlorothiazide,NS(=O)(=O)c1cc2c(cc1Cl)NC[N-]S2(=O)=O,1,0.19298245614035087,4.941750297212572,0.9970727023281415
Cefatrizine_39,Cefatrizine,N[C@H](C(=O)N[C@@H]1C(=O)N2C(C(=O)O)=C(CSc3cn[nH]n3)CS[C@@H]12)c1ccc(O)cc1,1,0.19767441860465115,5.0077170447229715,0.9991851960159088
Cefuroxime_45,Cefuroxime,CO/N=C(/C(=O)N[C@@H]1C(=O)N2C(C(=O)[O-])=C(COC(N)=O)CS[C@H]12)c1ccco1,1,0.23404255319148937,5.531321451515551,0.9994265852233616
Warfarin_130,Warfarin,CC(=O)C[C@H](c1ccccc1)c1c(O)c2ccccc2oc1=O,1,0.32142857142857145,1.936350433160342,0.998988092153299
Methylprednisolone_19,Methylprednisolone,C[C@@H]1C[C@H]2[C@@H]([C@@H](O)C[C@]3(C)[C@@H]2CC[C@@]3(O)C(=O)CO)[C@]2(C)C=CC(=O)C=C12,1,0.2876712328767123,4.037948365197595,0.9979233159642448
Bupropion_33,Bupropion,C[C@H](NC(C)(C)C)C(=O)c1cccc(Cl)c1,1,0.31666666666666665,0.6446836433474717,0.9993003025422091
Loracarbef_6,Loracarbef,[NH3+][C@@H](C(=O)N[C@@H]1C(=O)N2C(C(=O)[O-])=C(Cl)CC[C@H]12)c1ccccc1,1,0.23943661971830985,2.492925189410125,0.9993310675785986
Oxyprenolol_46,Oxyprenolol,C=CCOc1ccccc1OC[C@H](O)CNC(C)C,1,0.36538461538461536,1.9678813480492667,0.9965545960696969
Acetaminophen_3,Acetaminophen,CC(=O)Nc1ccc(O)cc1,1,0.5,2.8470879859954743,0.9991023829003666
Propranolol_66,Propranolol,CC(C)NC[C@@H](O)COc1cccc2ccccc12,1,0.627906976744186,2.395654607826481,0.9945874498941145
Sulfasalazine_96,Sulfasalazine,O=C(O)c1cc(/N=N/c2ccc(S(=O)(=O)/N=c3/cccc[nH]3)cc2)ccc1[O-],1,1.0,1.089817415901498,0.9997165123526166
Guanabenz_86,Guanabenz,NC(N)=N/N=C\c1c(Cl)cccc1Cl,1,1.0,2.1908359135272764,0.9956291969880482
Salicylic_Acid_81,Salicylic_Acid,O=C(O)c1ccccc1O,1,0.2926829268292683,4.059666981416048,0.9941071574697341
Penicillin_V_50,Penicillin_V,CC1(C)S[C@H]2[C@H](NC(=O)COc3ccccc3)C(=O)N2[C@@H]1C(=O)[O-],1,0.2972972972972973,1.8213091445436536,0.999217774747221
Gabapentin_80,Gabapentin,NCC1(CC(=O)O)CCCCC1,1,0.2222222222222222,2.358877487280857,0.99454245097403
Labetalol_96,Labetalol,C[C@H](CCc1ccccc1)NC[C@@H](O)c1ccc(O)c(C(N)=O)c1,2,0.6666666666666666,2.5624542922753553,0.9961975078033505
Olsalazine_38,Olsalazine,O=C([O-])c1cc(/N=N\c2ccc(O)c(C(=O)[O-])c2)ccc1[O-],2,0.5,10.064357356533039,0.9903781762823263
Cephalexin_47,Cephalexin,CC1=C(C(=O)[O-])N2C(=O)[C@@H](NC(=O)[C@@H](N)c3ccccc3)[C@H]2SC1,2,0.24242424242424243,2.1097727365757164,0.9996557236252892
Bupropion_34,Bupropion,C[C@@H]([NH2+]C(C)(C)C)C(=O)c1cccc(Cl)c1,2,0.31666666666666665,1.0760687710363834,0.9987825675727631
Practolol_62,Practolol,CC(=O)Nc1ccc(OC[C@H](O)CNC(C)C)cc1,2,0.3617021276595745,2.2346995323755054,0.9979460609887008
Terbutaline_105,Terbutaline,CC(C)(C)[NH2+]C[C@@H](O)c1cc([O-])cc(O)c1,2,0.25,2.180771652419864,0.9988276647393235
Practolol_63,Practolol,CC(=O)Nc1ccc(OC[C@@H](O)C[NH2+]C(C)C)cc1,2,0.3541666666666667,2.4426745587571124,0.9980414039305331
Labetalol_97,Labetalol,C[C@@H](CCc1ccccc1)[NH2+]C[C@@H](O)c1ccc([O-])c(C(N)=O)c1,2,1.0,0.5588318172779964,0.999896480053762
Lucifer_Yellow_11,Lucifer_Yellow,NNC(=O)N1C(=O)c2cc(S(=O)(=O)[O-])cc3c(N)c(S(=O)(=O)[O-])cc(c23)C1=O,2,0.18571428571428572,8.267862057388129,0.9937277315739018
Sotalol_91,Sotalol,CC(C)[NH2+]C[C@@H](O)c1ccc([N-]S(C)(=O)=O)cc1,2,0.3,2.9636992087590954,0.9977014843722448
Timolol_116,Timolol,CC(C)(C)NC[C@@H](O)COc1nsnc1N1CCOCC1,2,0.25333333333333335,1.71323582731574,0.9986018293291539
Trimethoprim_126,Trimethoprim,COc1cc(Cc2cnc(N)[nH+]c2N)cc(OC)c1OC,2,0.625,3.283574119766698,0.9956643205005388
Timolol_117,Timolol,CC(C)(C)[NH2+]C[C@H](O)COc1nsnc1N1CCOCC1,2,0.2702702702702703,1.616888988148964,0.9988205404161609
Ketoprofen_95,Ketoprofen,C[C@@H](C(=O)[O-])c1cccc(C(=O)c2ccccc2)c1,2,0.2857142857142857,3.4132863929064383,0.9942731283251152
Lisinopril_2,Lisinopril,[NH3+]CCCC[C@H]([NH2+][C@H](CCc1ccccc1)C(=O)[O-])C(=O)N1CCC[C@@H]1C(=O)[O-],2,0.24050632911392406,4.928055194495853,0.9973614029534947
Cefatrizine_41,Cefatrizine,N[C@@H](C(=O)N[C@@H]1C(=O)N2C(C(=O)[O-])=C(CSc3c[nH]nn3)CS[C@H]12)c1ccc(O)cc1,2,0.20689655172413793,5.908225368077998,0.9993755505289565
Labetalol_98,Labetalol,C[C@@H](CCc1ccccc1)[NH2+]C[C@H](O)c1ccc(O)c(C(N)=O)c1,2,1.0,0.564191456865882,0.9998219802982189
Acetylsalicylic_Acid_5,Acetylsalicylic_Acid,CC(=O)Oc1ccccc1C(=O)[O-],2,0.38461538461538464,5.121891935603537,0.9864421895872625
Acyclovir_9,Acyclovir,Nc1nc2c(ncn2COCCO)c(=O)[nH]1,2,0.2631578947368421,3.183374781579575,0.9989481354575654
Guanabenz_87,Guanabenz,NC(=[NH2+])N/N=C/c1c(Cl)cccc1Cl,2,1.0,0.01830300521752225,0.9999964442934671
Pindolol_61,Pindolol,CC(C)[NH2+]C[C@@H](O)COc1cccc2[nH]ccc12,2,0.27419354838709675,2.0386721168450075,0.9990831056881245
Lisinopril_3,Lisinopril,[NH3+]CCCC[C@H](N[C@H](CCc1ccccc1)C(=O)[O-])C(=O)N1CCC[C@@H]1C(=O)[O-],2,0.273972602739726,4.619728455223319,0.998441404182755
Penicillin_V_49,Penicillin_V,CC1(C)S[C@H]2[C@H](NC(=O)COc3ccccc3)C(=O)N2[C@@H]1C(=O)O,2,0.3055555555555556,2.01865029165497,0.9986919854726869
Phenytoin_59,Phenytoin,O=C1NC(=O)C(c2ccccc2)(c2ccccc2)N1,2,0.225,2.6115880226407775,0.9986006876663142
Cephalexin_48,Cephalexin,CC1=C(C(=O)[O-])N2C(=O)[C@H](NC(=O)[C@@H]([NH3+])c3ccccc3)[C@@H]2SC1,2,0.2535211267605634,2.190149538273447,0.9995622221713318
Acyclovir_11,Acyclovir,Nc1[nH]c(=O)c2ncn(COCCO)c2[nH+]1,2,0.23333333333333334,5.090443202709018,0.9977201591802647
Cefatrizine_43,Cefatrizine,N[C@@H](C(=O)N[C@@H]1C(=O)N2C(C(=O)[O-])=C(CSc3cnn[n-]3)CS[C@@H]12)c1ccc(O)cc1,2,0.18181818181818182,9.26775754969882,0.9988292955462559
Sumatriptan_98,Sumatriptan,CNS(=O)(=O)Cc1ccc2[nH]cc(CC[NH+](C)C)c2c1,2,0.2727272727272727,2.382305186158585,0.9995510367237909
Alprenolol_12,Alprenolol,C=CCc1ccccc1OC[C@H](O)CNC(C)C,2,0.41509433962264153,2.4159455705788107,0.998853279462109
Terbutaline_103,Terbutaline,CC(C)(C)NC[C@H](O)c1cc(O)cc(O)c1,2,0.2,2.257233483714003,0.99811464131073
Trimethoprim_124,Trimethoprim,COc1cc(Cc2cnc(N)nc2N)cc(OC)c1OC,2,0.6041666666666666,3.1389440899767598,0.9972991892679441
Gabapentin_81,Gabapentin,[NH3+]CC1(CC(=O)[O-])CCCCC1,2,0.23404255319148937,3.0468262175581673,0.9980570571304938
Loracarbef_4,Loracarbef,N[C@@H](C(=O)N[C@@H]1C(=O)N2C(C(=O)O)=C(Cl)CC[C@@H]12)c1ccccc1,2,0.234375,3.7462495912574525,0.9993441821961272
Atenolol_29,Atenolol,CC(C)[NH2+]C[C@H](O)COc1ccc(CC(N)=O)cc1,2,0.28,2.8459381581471495,0.9976866409804491
Salicylic_Acid_82,Salicylic_Acid,O=C([O-])c1ccccc1O,2,0.4117647058823529,6.005418053724486,0.9983340353360515
Olsalazine_39,Olsalazine,O=C([O-])c1cc(/N=N/c2ccc(O)c(C(=O)[O-])c2)ccc1O,2,0.5581395348837209,6.440539651302653,0.9961202113592785
Ondansetron_44,Ondansetron,Cc1nccn1C[C@@H]1CCc2c(c3ccccc3n2C)C1=O,2,0.3,2.233198602901198,0.9993643722160168
Sulfasalazine_95,Sulfasalazine,O=C([O-])c1cc(/N=N/c2ccc(S(=O)(=O)/N=c3/cccc[nH]3)cc2)ccc1O,2,1.0,1.3242156168835222,0.9998884810482984
Propranolol_67,Propranolol,CC(C)[NH2+]C[C@H](O)COc1cccc2ccccc12,2,0.3090909090909091,1.5412374898115124,0.997792526555902
Cefatrizine_42,Cefatrizine,[NH3+][C@@H](C(=O)N[C@H]1C(=O)N2C(C(=O)[O-])=C(CSc3cnn[nH]3)CS[C@H]12)c1ccc(O)cc1,2,0.22093023255813954,5.6489791113088454,0.9992222249795789
Trimethoprim_125,Trimethoprim,COc1cc(Cc2c[nH+]c(N)nc2N)cc(OC)c1OC,2,0.5918367346938775,2.7270995581389696,0.9969042993681559
Acrivastine_8,Acrivastine,Cc1ccc(/C(=C\C[NH+]2CCCC2)c2cccc(/C=C\C(=O)[O-])[nH+]2)cc1,2,0.25757575757575757,4.669838541106221,0.994821225390991
Sumatriptan_99,Sumatriptan,C[N-]S(=O)(=O)Cc1ccc2[nH]cc(CC[NH+](C)C)c2c1,2,0.2727272727272727,2.131037071474382,0.9991484469389784
Cephalexin_46,Cephalexin,CC1=C(C(=O)O)N2C(=O)[C@H](NC(=O)[C@H](N)c3ccccc3)[C@@H]2SC1,2,0.25,3.6362926174872485,0.9995221539709714
Dexamethasone_59,Dexamethasone,C[C@@H]1C[C@H]2[C@@H]3CCC4=CC(=O)C=C[C@]4(C)[C@@]3(F)[C@@H](O)C[C@]2(C)[C@]1(O)C(=O)CO,2,0.4189189189189189,2.318557525704468,0.9990983221068691
Lamotrigine_99,Lamotrigine,Nc1nnc(-c2cccc(Cl)c2Cl)c(N)n1,2,0.32653061224489793,1.608478162735856,0.9995558419012316
Metoprolol_23,Metoprolol,COCCc1ccc(OC[C@@H](O)C[NH2+]C(C)C)cc1,2,0.25,2.432087169490497,0.9970435437091354
Ondansetron_45,Ondansetron,Cc1[nH+]ccn1C[C@@H]1CCc2c(c3ccccc3n2C)C1=O,2,0.3,2.0259035021435787,0.999645656029643
Furosemide_79,Furosemide,NS(=O)(=O)c1cc(C(=O)[O-])c(NCc2ccco2)cc1Cl,2,0.29333333333333333,5.5175242636531845,0.9982059868329517
Olsalazine_41,Olsalazine,O=C([O-])C1=C/C(=N/Nc2ccc(O)c(C(=O)[O-])c2)C=CC1=O,2,0.5172413793103449,3.650785668866587,0.9984528652591044
Terbutaline_104,Terbutaline,CC(C)(C)[NH2+]C[C@H](O)c1cc(O)cc(O)c1,2,0.28205128205128205,1.9933933380040025,0.9985107831131157
Propylthiouracil_68,Propylthiouracil,CCCc1cc(=O)[nH]c(=S)[nH]1,2,0.3018867924528302,1.70354982316307,0.9992984841862933
Chlorothiazide_49,Chlorothiazide,NS(=O)(=O)c1cc2c(cc1Cl)NC=NS2(=O)=O,2,0.17721518987341772,4.6416918251860215,0.9965865137854715
Furosemide_78,Furosemide,NS(=O)(=O)c1cc(C(=O)O)c(NCc2ccco2)cc1Cl,2,0.28,3.994318214664179,0.9992200752400632
Cefuroxime_44,Cefuroxime,CO/N=C(\C(=O)N[C@@H]1C(=O)N2C(C(=O)O)=C(COC(N)=O)CS[C@@H]12)c1ccco1,2,0.23655913978494625,6.12961931933741,0.9991864224500252
Amoxicillin_26,Amoxicillin,CC1(C)S[C@@H]2[C@H](NC(=O)[C@H]([NH3+])c3ccc(O)cc3)C(=O)N2[C@@H]1C(=O)[O-],2,0.2054794520547945,2.6983339304095977,0.9991540493845642
Pindolol_60,Pindolol,CC(C)NC[C@@H](O)COc1cccc2[nH]ccc12,2,0.3103448275862069,2.3256412019053196,0.9991572368538625
Corticosterone_58,Corticosterone,C[C@]12C[C@@H](O)[C@@H]3[C@H](CCC4=CC(=O)CC[C@]43C)[C@H]1CC[C@@H]2C(=O)CO,2,0.4084507042253521,4.088427448298456,0.9994593591135048
Ketoprofen_94,Ketoprofen,C[C@@H](C(=O)O)c1cccc(C(=O)c2ccccc2)c1,2,0.2978723404255319,2.3318919357465244,0.997546954678791
Acrivastine_6,Acrivastine,Cc1ccc(/C(=C\CN2CCCC2)c2cccc(/C=C\C(=O)O)n2)cc1,2,0.2972972972972973,2.050349238544361,0.9990161544730346
Olsalazine_40,Olsalazine,O=C([O-])C1=C/C(=N/Nc2ccc([O-])c(C(=O)[O-])c2)C=CC1=O,2,0.5172413793103449,8.229741915759032,0.9950973655604639
Hydrocortisone_92,Hydrocortisone,C[C@@]12CCC(=O)C=C1CC[C@H]1[C@H]2[C@@H](O)C[C@]2(C)[C@@H]1CC[C@]2(O)C(=O)CO,2,0.6833333333333333,1.3480856797697187,0.9992404782647746
Metoprolol_22,Metoprolol,COCCc1ccc(OC[C@H](O)CNC(C)C)cc1,2,0.2711864406779661,2.0776814000227786,0.9962284616464088
Alprenolol_13,Alprenolol,C=CCc1ccccc1OC[C@H](O)C[NH2+]C(C)C,2,0.36363636363636365,1.1359423400859032,0.9987590576518934
Sotalol_89,Sotalol,CC(C)NC[C@H](O)c1ccc(NS(C)(=O)=O)cc1,2,0.2549019607843137,2.0499043880141645,0.9980557863742606
Sulfasalazine_92,Sulfasalazine,O=C(O)c1cc(/N=N/c2ccc(S(=O)(=O)Nc3ccccn3)cc2)ccc1O,2,0.4426229508196721,3.422954863856454,0.9972682582562242
Oxyprenolol_47,Oxyprenolol,C=CCOc1ccccc1OC[C@@H](O)C[NH2+]C(C)C,2,0.30357142857142855,2.0424105855583106,0.9985589304231506
Olsalazine_37,Olsalazine,O=C(O)c1cc(/N=N\c2ccc(O)c(C(=O)O)c2)ccc1O,2,0.40425531914893614,3.7634563900753744,0.9957809594160014
Olsalazine_42,Olsalazine,O=C([O-])c1cc(/N=N/c2ccc([O-])c(C(=O)[O-])c2)ccc1[O-],2,0.5581395348837209,15.964437666263038,0.9658850912253222
Nadolol_31,Nadolol,CC(C)(C)[NH2+]C[C@H](O)COc1cccc2c1C[C@@H](O)[C@H](O)C2,2,0.25396825396825395,2.2229471428714573,0.9976985568855823
Sotalol_90,Sotalol,CC(C)[NH2+]C[C@H](O)c1ccc(NS(C)(=O)=O)cc1,2,0.3,1.9772298804135675,0.9990371360146333
Loracarbef_5,Loracarbef,N[C@H](C(=O)N[C@H]1C(=O)N2C(C(=O)[O-])=C(Cl)CC[C@@H]12)c1ccccc1,2,0.22727272727272727,2.8553395594923034,0.9996322882117917
Atenolol_28,Atenolol,CC(C)NC[C@H](O)COc1ccc(CC(N)=O)cc1,2,0.29310344827586204,2.611729120716779,0.9990032089599029
Amoxicillin_25,Amoxicillin,CC1(C)S[C@H]2[C@@H](NC(=O)[C@H](N)c3ccc(O)cc3)C(=O)N2[C@H]1C(=O)[O-],2,0.19444444444444445,2.674193897233899,0.9994500080882434
Bretylium_Tosylate_32,Bretylium_Tosylate,CC[N+](C)(C)Cc1ccccc1Br,2,0.2545454545454545,1.9380786877729472,0.9976189042413108
Salicylic_Acid_83,Salicylic_Acid,O=C([O-])c1ccccc1[O-],2,0.4117647058823529,9.027303196414715,0.9667497233908714
Sulfasalazine_93,Sulfasalazine,O=C([O-])c1cc(/N=N\c2ccc(S(=O)(=O)/N=c3\cccc[nH]3)cc2)ccc1[O-],2,1.0,2.017766587096045,0.9989457575571578
Acrivastine_7,Acrivastine,Cc1ccc(/C(=C/C[NH+]2CCCC2)c2cccc(/C=C\C(=O)[O-])n2)cc1,2,0.2692307692307692,3.152564194429765,0.9954735874213
Amoxicillin_24,Amoxicillin,CC1(C)S[C@@H]2[C@@H](NC(=O)[C@H](N)c3ccc(O)cc3)C(=O)N2[C@@H]1C(=O)O,2,0.21428571428571427,3.524200051075533,0.9993263228380973
Nadolol_30,Nadolol,CC(C)(C)NC[C@@H](O)COc1cccc2c1C[C@H](O)[C@@H](O)C2,2,0.25396825396825395,2.3767589276154655,0.9982929404089955
Lisinopril_1,Lisinopril,NCCCC[C@@H](N[C@@H](CCc1ccccc1)C(=O)O)C(=O)N1CCC[C@H]1C(=O)O,2,0.25301204819277107,4.284200158722628,0.9988247071251822
Olsalazine_43,Olsalazine,O=C(O)c1cc(/N=N\c2ccc(O)c(C(=O)[O-])c2)ccc1[O-],2,0.47058823529411764,5.227626325590424,0.9956340948344766
Acebutolol_2,Acebutolol,CCCC(=O)Nc1ccc(OC[C@@H](O)C[NH2+]C(C)C)c(C(C)=O)c1,2,0.3448275862068966,2.239476501328294,0.9985007033959362
Fluparoxan_74,Fluparoxan,Fc1cccc2c1O[C@H]1C[NH2+]C[C@@H]1O2,2,0.20754716981132076,2.5536436713056507,0.994052757900046
Progesterone_65,Progesterone,CC(=O)[C@H]1CC[C@@H]2[C@@H]3CCC4=CC(=O)CC[C@]4(C)[C@H]3CC[C@@]12C,2,0.2916666666666667,5.057408229518172,0.9978788508251301
Netivudine_32,Netivudine,CC#Cc1cn([C@@H]2O[C@H](CO)[C@@H](O)[C@@H]2O)c(=O)[nH]c1=O,2,0.20634920634920634,2.5746461892855863,0.9994058891005956
Cefatrizine_40,Cefatrizine,N[C@H](C(=O)N[C@H]1C(=O)N2C(C(=O)[O-])=C(CSc3cnn[nH]3)CS[C@H]12)c1ccc(O)cc1,2,0.22093023255813954,5.416890805618645,0.999453962326668
Antipyrine_27,Antipyrine,Cc1cc(=O)n(-c2ccccc2)n1C,2,0.2727272727272727,1.2604515064053528,0.9991084301927667
Fluparoxan_73,Fluparoxan,Fc1cccc2c1O[C@@H]1CNC[C@H]1O2,2,0.20754716981132076,2.2155908918391085,0.988910272204099
Hydrochlorothiazide_90,Hydrochlorothiazide,NS(=O)(=O)c1cc2c(cc1Cl)NCNS2(=O)=O,2,0.19642857142857142,4.392787611528885,0.9962547955826098
Acebutolol_1,Acebutolol,CCCC(=O)Nc1ccc(OC[C@@H](O)CNC(C)C)c(C(C)=O)c1,2,0.3508771929824561,2.5416884152073926,0.998130601497992
Testosterone_106,Testosterone,C[C@@]12CC[C@@H]3[C@H](CCC4=CC(=O)CC[C@]43C)[C@H]1CC[C@@H]2O,2,0.30434782608695654,1.2447023740639358,0.9994558340266183
Sulfasalazine_94,Sulfasalazine,O=C([O-])C1=C/C(=N/Nc2ccc(S(=O)(=O)/N=c3\cccc[nH]3)cc2)C=CC1=O,2,1.0,0.33483876717097805,0.9999662737028326
Acyclovir_10,Acyclovir,Nc1nc(=O)c2ncn(COCCO)c2[nH]1,2,0.22535211267605634,3.640713666301653,0.998539399084826
Warfarin_131,Warfarin,CC(=O)C[C@@H](c1ccccc1)c1c([O-])c2ccccc2oc1=O,2,0.3103448275862069,1.0878179994833803,0.9984722866775008
Sumatriptan_97,Sumatriptan,CNS(=O)(=O)Cc1ccc2[nH]cc(CCN(C)C)c2c1,2,0.2727272727272727,1.5969968691263974,0.999515153320618
Acetylsalicylic_Acid_4,Acetylsalicylic_Acid,CC(=O)Oc1ccccc1C(=O)O,2,0.2916666666666667,3.6934703193608986,0.988790081871317
Hydrochlorothiazide_91,Hydrochlorothiazide,NS(=O)(=O)c1cc2c(cc1Cl)NC[N-]S2(=O)=O,2,0.19298245614035087,5.175892869834234,0.9970727023281415
Cefatrizine_39,Cefatrizine,N[C@H](C(=O)N[C@@H]1C(=O)N2C(C(=O)O)=C(CSc3cn[nH]n3)CS[C@@H]12)c1ccc(O)cc1,2,0.19767441860465115,5.0077170447229715,0.9991851960159088
Cefuroxime_45,Cefuroxime,CO/N=C(/C(=O)N[C@@H]1C(=O)N2C(C(=O)[O-])=C(COC(N)=O)CS[C@H]12)c1ccco1,2,0.23404255319148937,5.531321451515551,0.9994265852233616
Warfarin_130,Warfarin,CC(=O)C[C@H](c1ccccc1)c1c(O)c2ccccc2oc1=O,2,0.32142857142857145,1.730997400344636,0.998988092153299
Methylprednisolone_19,Methylprednisolone,C[C@@H]1C[C@H]2[C@@H]([C@@H](O)C[C@]3(C)[C@@H]2CC[C@@]3(O)C(=O)CO)[C@]2(C)C=CC(=O)C=C12,2,0.7049180327868853,3.1146987013192504,0.9979233159642448
Bupropion_33,Bupropion,C[C@H](NC(C)(C)C)C(=O)c1cccc(Cl)c1,2,0.31666666666666665,1.8195024045050403,0.9982932026924941
Loracarbef_6,Loracarbef,[NH3+][C@@H](C(=O)N[C@@H]1C(=O)N2C(C(=O)[O-])=C(Cl)CC[C@H]12)c1ccccc1,2,0.23943661971830985,2.492925189410125,0.9995957249886951
Oxyprenolol_46,Oxyprenolol,C=CCOc1ccccc1OC[C@H](O)CNC(C)C,2,0.35185185185185186,1.9678813480492667,0.998502818061015
Acetaminophen_3,Acetaminophen,CC(=O)Nc1ccc(O)cc1,2,0.5,2.8470879859954743,0.9990354848334831
Propranolol_66,Propranolol,CC(C)NC[C@@H](O)COc1cccc2ccccc12,2,0.3584905660377358,2.711377694088289,0.9978559943295369
Sulfasalazine_96,Sulfasalazine,O=C(O)c1cc(/N=N/c2ccc(S(=O)(=O)/N=c3/cccc[nH]3)cc2)ccc1[O-],2,1.0,1.089817415901498,0.9997165123526166
Guanabenz_86,Guanabenz,NC(N)=N/N=C\c1c(Cl)cccc1Cl,2,1.0,4.356130966809904,0.9950987813662799
Salicylic_Acid_81,Salicylic_Acid,O=C(O)c1ccccc1O,2,0.2926829268292683,3.19903501074933,0.9941071574697341
Penicillin_V_50,Penicillin_V,CC1(C)S[C@H]2[C@H](NC(=O)COc3ccccc3)C(=O)N2[C@@H]1C(=O)[O-],2,0.2972972972972973,1.8213091445436536,0.999217774747221
Gabapentin_80,Gabapentin,NCC1(CC(=O)O)CCCCC1,2,0.23404255319148937,2.358877487280857,0.99454245097403
Labetalol_96,Labetalol,C[C@H](CCc1ccccc1)NC[C@@H](O)c1ccc(O)c(C(N)=O)c1,3,0.6666666666666666,3.320374828238442,0.9962450374412041
Olsalazine_38,Olsalazine,O=C([O-])c1cc(/N=N\c2ccc(O)c(C(=O)[O-])c2)ccc1[O-],3,0.5,10.064357356533039,0.9844617444962848
Cephalexin_47,Cephalexin,CC1=C(C(=O)[O-])N2C(=O)[C@@H](NC(=O)[C@@H](N)c3ccccc3)[C@H]2SC1,3,0.2361111111111111,2.1097727365757164,0.9996557236252892
Bupropion_34,Bupropion,C[C@@H]([NH2+]C(C)(C)C)C(=O)c1cccc(Cl)c1,3,0.32727272727272727,1.0760687710363834,0.9987112767660135
Practolol_62,Practolol,CC(=O)Nc1ccc(OC[C@H](O)CNC(C)C)cc1,3,0.3617021276595745,2.2346995323755054,0.9977823057450851
Terbutaline_105,Terbutaline,CC(C)(C)[NH2+]C[C@@H](O)c1cc([O-])cc(O)c1,3,0.25,2.570940683874179,0.9988276647393235
Practolol_63,Practolol,CC(=O)Nc1ccc(OC[C@@H](O)C[NH2+]C(C)C)cc1,3,0.37735849056603776,2.3041241286008125,0.9980414039305331
Labetalol_97,Labetalol,C[C@@H](CCc1ccccc1)[NH2+]C[C@@H](O)c1ccc([O-])c(C(N)=O)c1,3,1.0,0.5588318172779964,0.999896480053762
Lucifer_Yellow_11,Lucifer_Yellow,NNC(=O)N1C(=O)c2cc(S(=O)(=O)[O-])cc3c(N)c(S(=O)(=O)[O-])cc(c23)C1=O,3,0.18823529411764706,10.430364758722437,0.9937277315739018
Sotalol_91,Sotalol,CC(C)[NH2+]C[C@@H](O)c1ccc([N-]S(C)(=O)=O)cc1,3,0.3,2.9636992087590954,0.9977014843722448
Timolol_116,Timolol,CC(C)(C)NC[C@@H](O)COc1nsnc1N1CCOCC1,3,0.25333333333333335,1.71323582731574,0.9985059996789394
Trimethoprim_126,Trimethoprim,COc1cc(Cc2cnc(N)[nH+]c2N)cc(OC)c1OC,3,0.625,3.283574119766698,0.9953885594258426
Timolol_117,Timolol,CC(C)(C)[NH2+]C[C@H](O)COc1nsnc1N1CCOCC1,3,0.2702702702702703,1.616888988148964,0.9988205404161609
Ketoprofen_95,Ketoprofen,C[C@@H](C(=O)[O-])c1cccc(C(=O)c2ccccc2)c1,3,0.2857142857142857,3.4132863929064383,0.9939505124734457
Lisinopril_2,Lisinopril,[NH3+]CCCC[C@H]([NH2+][C@H](CCc1ccccc1)C(=O)[O-])C(=O)N1CCC[C@@H]1C(=O)[O-],3,0.24050632911392406,4.928055194495853,0.9984964822415868
Cefatrizine_41,Cefatrizine,N[C@@H](C(=O)N[C@@H]1C(=O)N2C(C(=O)[O-])=C(CSc3c[nH]nn3)CS[C@H]12)c1ccc(O)cc1,3,0.20689655172413793,5.908225368077998,0.9993755505289565
Labetalol_98,Labetalol,C[C@@H](CCc1ccccc1)[NH2+]C[C@H](O)c1ccc(O)c(C(N)=O)c1,3,1.0,0.564191456865882,0.9998219802982189
Acetylsalicylic_Acid_5,Acetylsalicylic_Acid,CC(=O)Oc1ccccc1C(=O)[O-],3,0.38461538461538464,4.616798241205709,0.9864421895872625
Acyclovir_9,Acyclovir,Nc1nc2c(ncn2COCCO)c(=O)[nH]1,3,0.2631578947368421,3.183374781579575,0.9989481354575654
Guanabenz_87,Guanabenz,NC(=[NH2+])N/N=C/c1c(Cl)cccc1Cl,3,1.0,0.01830300521752225,0.9999964442934671
Pindolol_61,Pindolol,CC(C)[NH2+]C[C@@H](O)COc1cccc2[nH]ccc12,3,0.27419354838709675,2.0386721168450075,0.9990831056881245
Lisinopril_3,Lisinopril,[NH3+]CCCC[C@H](N[C@H](CCc1ccccc1)C(=O)[O-])C(=O)N1CCC[C@@H]1C(=O)[O-],3,0.273972602739726,4.619728455223319,0.998441404182755
Penicillin_V_49,Penicillin_V,CC1(C)S[C@H]2[C@H](NC(=O)COc3ccccc3)C(=O)N2[C@@H]1C(=O)O,3,0.3055555555555556,2.764731270847479,0.9986919854726869
Phenytoin_59,Phenytoin,O=C1NC(=O)C(c2ccccc2)(c2ccccc2)N1,3,0.20754716981132076,2.2838955755467083,0.9986006876663142
Cephalexin_48,Cephalexin,CC1=C(C(=O)[O-])N2C(=O)[C@H](NC(=O)[C@@H]([NH3+])c3ccccc3)[C@@H]2SC1,3,0.2535211267605634,2.190149538273447,0.9995622221713318
Acyclovir_11,Acyclovir,Nc1[nH]c(=O)c2ncn(COCCO)c2[nH+]1,3,0.23333333333333334,5.090443202709018,0.9977201591802647
Cefatrizine_43,Cefatrizine,N[C@@H](C(=O)N[C@@H]1C(=O)N2C(C(=O)[O-])=C(CSc3cnn[n-]3)CS[C@@H]12)c1ccc(O)cc1,3,0.17204301075268819,9.26775754969882,0.9991623090664372
Sumatriptan_98,Sumatriptan,CNS(=O)(=O)Cc1ccc2[nH]cc(CC[NH+](C)C)c2c1,3,0.2727272727272727,2.382305186158585,0.9995430255037095
Alprenolol_12,Alprenolol,C=CCc1ccccc1OC[C@H](O)CNC(C)C,3,0.41509433962264153,2.4159455705788107,0.998853279462109
Terbutaline_103,Terbutaline,CC(C)(C)NC[C@H](O)c1cc(O)cc(O)c1,3,0.2,2.257233483714003,0.99811464131073
Trimethoprim_124,Trimethoprim,COc1cc(Cc2cnc(N)nc2N)cc(OC)c1OC,3,0.6041666666666666,2.958525646331355,0.9972991892679441
Gabapentin_81,Gabapentin,[NH3+]CC1(CC(=O)[O-])CCCCC1,3,0.23404255319148937,3.004453527681933,0.9980570571304938
Loracarbef_4,Loracarbef,N[C@@H](C(=O)N[C@@H]1C(=O)N2C(C(=O)O)=C(Cl)CC[C@@H]12)c1ccccc1,3,0.2112676056338028,3.7218954848297505,0.9993441821961272
Atenolol_29,Atenolol,CC(C)[NH2+]C[C@H](O)COc1ccc(CC(N)=O)cc1,3,0.28,2.7893506412781193,0.9976866409804491
Salicylic_Acid_82,Salicylic_Acid,O=C([O-])c1ccccc1O,3,0.4117647058823529,6.005418053724486,0.9969002576635766
Olsalazine_39,Olsalazine,O=C([O-])c1cc(/N=N/c2ccc(O)c(C(=O)[O-])c2)ccc1O,3,0.5581395348837209,6.440539651302653,0.9931332952295777
Ondansetron_44,Ondansetron,Cc1nccn1C[C@@H]1CCc2c(c3ccccc3n2C)C1=O,3,0.3,1.5342890861887797,0.9993643722160168
Sulfasalazine_95,Sulfasalazine,O=C([O-])c1cc(/N=N/c2ccc(S(=O)(=O)/N=c3/cccc[nH]3)cc2)ccc1O,3,1.0,1.3242156168835222,0.9998884810482984
Propranolol_67,Propranolol,CC(C)[NH2+]C[C@H](O)COc1cccc2ccccc12,3,0.3090909090909091,1.5412374898115124,0.997738790869191
Cefatrizine_42,Cefatrizine,[NH3+][C@@H](C(=O)N[C@H]1C(=O)N2C(C(=O)[O-])=C(CSc3cnn[nH]3)CS[C@H]12)c1ccc(O)cc1,3,0.22093023255813954,5.6489791113088454,0.9992222249795789
Trimethoprim_125,Trimethoprim,COc1cc(Cc2c[nH+]c(N)nc2N)cc(OC)c1OC,3,0.5918367346938775,2.7270995581389696,0.9969042993681559
Acrivastine_8,Acrivastine,Cc1ccc(/C(=C\C[NH+]2CCCC2)c2cccc(/C=C\C(=O)[O-])[nH+]2)cc1,3,0.25757575757575757,3.5853600934913623,0.9951379102420054
Sumatriptan_99,Sumatriptan,C[N-]S(=O)(=O)Cc1ccc2[nH]cc(CC[NH+](C)C)c2c1,3,0.2727272727272727,1.7159484257995246,0.9995354452701466
Cephalexin_46,Cephalexin,CC1=C(C(=O)O)N2C(=O)[C@H](NC(=O)[C@H](N)c3ccccc3)[C@@H]2SC1,3,0.2236842105263158,3.6362926174872485,0.9995221539709714
Dexamethasone_59,Dexamethasone,C[C@@H]1C[C@H]2[C@@H]3CCC4=CC(=O)C=C[C@]4(C)[C@@]3(F)[C@@H](O)C[C@]2(C)[C@]1(O)C(=O)CO,3,0.4189189189189189,2.318557525704468,0.9990983221068691
Lamotrigine_99,Lamotrigine,Nc1nnc(-c2cccc(Cl)c2Cl)c(N)n1,3,0.32653061224489793,1.608478162735856,0.9995558419012316
Metoprolol_23,Metoprolol,COCCc1ccc(OC[C@@H](O)C[NH2+]C(C)C)cc1,3,0.2413793103448276,2.432087169490497,0.9970435437091354
Ondansetron_45,Ondansetron,Cc1[nH+]ccn1C[C@@H]1CCc2c(c3ccccc3n2C)C1=O,3,0.3,2.0259035021435787,0.999645656029643
Furosemide_79,Furosemide,NS(=O)(=O)c1cc(C(=O)[O-])c(NCc2ccco2)cc1Cl,3,0.3026315789473684,6.2105557722311495,0.9982059868329517
Olsalazine_41,Olsalazine,O=C([O-])C1=C/C(=N/Nc2ccc(O)c(C(=O)[O-])c2)C=CC1=O,3,0.5172413793103449,3.650785668866587,0.9984528652591044
Terbutaline_104,Terbutaline,CC(C)(C)[NH2+]C[C@H](O)c1cc(O)cc(O)c1,3,0.28205128205128205,2.1242648139997584,0.9985107831131157
Propylthiouracil_68,Propylthiouracil,CCCc1cc(=O)[nH]c(=S)[nH]1,3,0.3018867924528302,2.345396128588443,0.9992984841862933
Chlorothiazide_49,Chlorothiazide,NS(=O)(=O)c1cc2c(cc1Cl)NC=NS2(=O)=O,3,0.17543859649122806,4.6416918251860215,0.9965865137854715
Furosemide_78,Furosemide,NS(=O)(=O)c1cc(C(=O)O)c(NCc2ccco2)cc1Cl,3,0.30666666666666664,3.994318214664179,0.9992200752400632
Cefuroxime_44,Cefuroxime,CO/N=C(\C(=O)N[C@@H]1C(=O)N2C(C(=O)O)=C(COC(N)=O)CS[C@@H]12)c1ccco1,3,0.23655913978494625,6.12961931933741,0.9990369065376254
Amoxicillin_26,Amoxicillin,CC1(C)S[C@@H]2[C@H](NC(=O)[C@H]([NH3+])c3ccc(O)cc3)C(=O)N2[C@@H]1C(=O)[O-],3,0.2054794520547945,4.2436256903735705,0.9991540493845642
Pindolol_60,Pindolol,CC(C)NC[C@@H](O)COc1cccc2[nH]ccc12,3,0.3103448275862069,2.3256412019053196,0.9991572368538625
Corticosterone_58,Corticosterone,C[C@]12C[C@@H](O)[C@@H]3[C@H](CCC4=CC(=O)CC[C@]43C)[C@H]1CC[C@@H]2C(=O)CO,3,0.4084507042253521,3.088263913592915,0.9994593591135048
Ketoprofen_94,Ketoprofen,C[C@@H](C(=O)O)c1cccc(C(=O)c2ccccc2)c1,3,0.2978723404255319,2.3318919357465244,0.997546954678791
Acrivastine_6,Acrivastine,Cc1ccc(/C(=C\CN2CCCC2)c2cccc(/C=C\C(=O)O)n2)cc1,3,0.2972972972972973,2.050349238544361,0.9990161544730346
Olsalazine_40,Olsalazine,O=C([O-])C1=C/C(=N/Nc2ccc([O-])c(C(=O)[O-])c2)C=CC1=O,3,0.5172413793103449,8.26092476663498,0.9929768271749811
Hydrocortisone_92,Hydrocortisone,C[C@@]12CCC(=O)C=C1CC[C@H]1[C@H]2[C@@H](O)C[C@]2(C)[C@@H]1CC[C@]2(O)C(=O)CO,3,0.6833333333333333,1.3480856797697187,0.9992404782647746
Metoprolol_22,Metoprolol,COCCc1ccc(OC[C@H](O)CNC(C)C)cc1,3,0.25862068965517243,2.6992986126029064,0.9945247524874944
Alprenolol_13,Alprenolol,C=CCc1ccccc1OC[C@H](O)C[NH2+]C(C)C,3,0.36363636363636365,1.1359423400859032,0.9987590576518934
Sotalol_89,Sotalol,CC(C)NC[C@H](O)c1ccc(NS(C)(=O)=O)cc1,3,0.2549019607843137,2.0499043880141645,0.9980557863742606
Sulfasalazine_92,Sulfasalazine,O=C(O)c1cc(/N=N/c2ccc(S(=O)(=O)Nc3ccccn3)cc2)ccc1O,3,0.4426229508196721,3.422954863856454,0.9972682582562242
Oxyprenolol_47,Oxyprenolol,C=CCOc1ccccc1OC[C@@H](O)C[NH2+]C(C)C,3,0.30357142857142855,2.00470122462186,0.9979505445457553
Olsalazine_37,Olsalazine,O=C(O)c1cc(/N=N\c2ccc(O)c(C(=O)O)c2)ccc1O,3,0.40425531914893614,3.9627024869398633,0.9957809594160014
Olsalazine_42,Olsalazine,O=C([O-])c1cc(/N=N/c2ccc([O-])c(C(=O)[O-])c2)ccc1[O-],3,0.5581395348837209,20.637100086979366,0.9584570491132689
Nadolol_31,Nadolol,CC(C)(C)[NH2+]C[C@H](O)COc1cccc2c1C[C@@H](O)[C@H](O)C2,3,0.25396825396825395,2.2229471428714573,0.9976985568855823
Sotalol_90,Sotalol,CC(C)[NH2+]C[C@H](O)c1ccc(NS(C)(=O)=O)cc1,3,0.3,1.9772298804135675,0.9990371360146333
Loracarbef_5,Loracarbef,N[C@H](C(=O)N[C@H]1C(=O)N2C(C(=O)[O-])=C(Cl)CC[C@@H]12)c1ccccc1,3,0.2222222222222222,2.8523625295532793,0.9994886690524272
Atenolol_28,Atenolol,CC(C)NC[C@H](O)COc1ccc(CC(N)=O)cc1,3,0.29310344827586204,2.2617904412215575,0.9990032089599029
Amoxicillin_25,Amoxicillin,CC1(C)S[C@H]2[C@@H](NC(=O)[C@H](N)c3ccc(O)cc3)C(=O)N2[C@H]1C(=O)[O-],3,0.1891891891891892,2.9118870170387647,0.9995238934699197
Bretylium_Tosylate_32,Bretylium_Tosylate,CC[N+](C)(C)Cc1ccccc1Br,3,0.2545454545454545,1.9380786877729472,0.9976189042413108
Salicylic_Acid_83,Salicylic_Acid,O=C([O-])c1ccccc1[O-],3,0.4117647058823529,9.027303196414715,0.958544762048361
Sulfasalazine_93,Sulfasalazine,O=C([O-])c1cc(/N=N\c2ccc(S(=O)(=O)/N=c3\cccc[nH]3)cc2)ccc1[O-],3,1.0,2.017766587096045,0.9989457575571578
Acrivastine_7,Acrivastine,Cc1ccc(/C(=C/C[NH+]2CCCC2)c2cccc(/C=C\C(=O)[O-])n2)cc1,3,0.2692307692307692,3.152564194429765,0.9960312138054446
Amoxicillin_24,Amoxicillin,CC1(C)S[C@@H]2[C@@H](NC(=O)[C@H](N)c3ccc(O)cc3)C(=O)N2[C@@H]1C(=O)O,3,0.18604651162790697,3.524200051075533,0.9984100634998243
Nadolol_30,Nadolol,CC(C)(C)NC[C@@H](O)COc1cccc2c1C[C@H](O)[C@@H](O)C2,3,0.25396825396825395,2.3767589276154655,0.9982929404089955
Lisinopril_1,Lisinopril,NCCCC[C@@H](N[C@@H](CCc1ccccc1)C(=O)O)C(=O)N1CCC[C@H]1C(=O)O,3,0.25,4.284200158722628,0.9988247071251822
Olsalazine_43,Olsalazine,O=C(O)c1cc(/N=N\c2ccc(O)c(C(=O)[O-])c2)ccc1[O-],3,0.47058823529411764,5.227626325590424,0.9955270021253543
Acebutolol_2,Acebutolol,CCCC(=O)Nc1ccc(OC[C@@H](O)C[NH2+]C(C)C)c(C(C)=O)c1,3,0.3448275862068966,2.72869254405822,0.9985007033959362
Fluparoxan_74,Fluparoxan,Fc1cccc2c1O[C@H]1C[NH2+]C[C@@H]1O2,3,0.21818181818181817,1.8559816809440401,0.9966295209251339
Progesterone_65,Progesterone,CC(=O)[C@H]1CC[C@@H]2[C@@H]3CCC4=CC(=O)CC[C@]4(C)[C@H]3CC[C@@]12C,3,0.2916666666666667,5.057408229518172,0.9978788508251301
Netivudine_32,Netivudine,CC#Cc1cn([C@@H]2O[C@H](CO)[C@@H](O)[C@@H]2O)c(=O)[nH]c1=O,3,0.20634920634920634,2.5746461892855863,0.9993828331414648
Cefatrizine_40,Cefatrizine,N[C@H](C(=O)N[C@H]1C(=O)N2C(C(=O)[O-])=C(CSc3cnn[nH]3)CS[C@H]12)c1ccc(O)cc1,3,0.22093023255813954,5.416890805618645,0.999453962326668
Antipyrine_27,Antipyrine,Cc1cc(=O)n(-c2ccccc2)n1C,3,0.2727272727272727,1.2604515064053528,0.9991084301927667
Fluparoxan_73,Fluparoxan,Fc1cccc2c1O[C@@H]1CNC[C@H]1O2,3,0.20754716981132076,2.2155908918391085,0.988910272204099
Hydrochlorothiazide_90,Hydrochlorothiazide,NS(=O)(=O)c1cc2c(cc1Cl)NCNS2(=O)=O,3,0.19642857142857142,4.392787611528885,0.9962547955826098
Acebutolol_1,Acebutolol,CCCC(=O)Nc1ccc(OC[C@@H](O)CNC(C)C)c(C(C)=O)c1,3,0.3508771929824561,2.5416884152073926,0.998130601497992
Testosterone_106,Testosterone,C[C@@]12CC[C@@H]3[C@H](CCC4=CC(=O)CC[C@]43C)[C@H]1CC[C@@H]2O,3,0.30434782608695654,1.2447023740639358,0.9994558340266183
Sulfasalazine_94,Sulfasalazine,O=C([O-])C1=C/C(=N/Nc2ccc(S(=O)(=O)/N=c3\cccc[nH]3)cc2)C=CC1=O,3,1.0,0.33483876717097805,0.9999662737028326
Acyclovir_10,Acyclovir,Nc1nc(=O)c2ncn(COCCO)c2[nH]1,3,0.22535211267605634,3.640713666301653,0.998539399084826
Warfarin_131,Warfarin,CC(=O)C[C@@H](c1ccccc1)c1c([O-])c2ccccc2oc1=O,3,0.3050847457627119,1.5117436952075491,0.9982843458088372
Sumatriptan_97,Sumatriptan,CNS(=O)(=O)Cc1ccc2[nH]cc(CCN(C)C)c2c1,3,0.2727272727272727,1.5969968691263974,0.9993424561435081
Acetylsalicylic_Acid_4,Acetylsalicylic_Acid,CC(=O)Oc1ccccc1C(=O)O,3,0.2916666666666667,3.6934703193608986,0.988790081871317
Hydrochlorothiazide_91,Hydrochlorothiazide,NS(=O)(=O)c1cc2c(cc1Cl)NC[N-]S2(=O)=O,3,0.19298245614035087,4.941750297212572,0.9970727023281415
Cefatrizine_39,Cefatrizine,N[C@H](C(=O)N[C@@H]1C(=O)N2C(C(=O)O)=C(CSc3cn[nH]n3)CS[C@@H]12)c1ccc(O)cc1,3,0.17391304347826086,5.0077170447229715,0.9991851960159088
Cefuroxime_45,Cefuroxime,CO/N=C(/C(=O)N[C@@H]1C(=O)N2C(C(=O)[O-])=C(COC(N)=O)CS[C@H]12)c1ccco1,3,0.23404255319148937,5.531321451515551,0.9994265852233616
Warfarin_130,Warfarin,CC(=O)C[C@H](c1ccccc1)c1c(O)c2ccccc2oc1=O,3,0.3157894736842105,1.730997400344636,0.9986613792837387
Methylprednisolone_19,Methylprednisolone,C[C@@H]1C[C@H]2[C@@H]([C@@H](O)C[C@]3(C)[C@@H]2CC[C@@]3(O)C(=O)CO)[C@]2(C)C=CC(=O)C=C12,3,0.7049180327868853,3.1146987013192504,0.9979233159642448
Bupropion_33,Bupropion,C[C@H](NC(C)(C)C)C(=O)c1cccc(Cl)c1,3,0.31666666666666665,1.5566489649243358,0.9982932026924941
Loracarbef_6,Loracarbef,[NH3+][C@@H](C(=O)N[C@@H]1C(=O)N2C(C(=O)[O-])=C(Cl)CC[C@H]12)c1ccccc1,3,0.23943661971830985,2.493971731997742,0.9995957249886951
Oxyprenolol_46,Oxyprenolol,C=CCOc1ccccc1OC[C@H](O)CNC(C)C,3,0.35185185185185186,1.9678813480492667,0.998502818061015
Acetaminophen_3,Acetaminophen,CC(=O)Nc1ccc(O)cc1,3,0.5,2.944381429094993,0.9991023829003666
Propranolol_66,Propranolol,CC(C)NC[C@@H](O)COc1cccc2ccccc12,3,0.3584905660377358,2.711377694088289,0.9978559943295369
Sulfasalazine_96,Sulfasalazine,O=C(O)c1cc(/N=N/c2ccc(S(=O)(=O)/N=c3/cccc[nH]3)cc2)ccc1[O-],3,1.0,1.089817415901498,0.9997165123526166
Guanabenz_86,Guanabenz,NC(N)=N/N=C\c1c(Cl)cccc1Cl,3,1.0,2.1908359135272764,0.9956291969880482
Salicylic_Acid_81,Salicylic_Acid,O=C(O)c1ccccc1O,3,0.2702702702702703,3.19903501074933,0.9941071574697341
Penicillin_V_50,Penicillin_V,CC1(C)S[C@H]2[C@H](NC(=O)COc3ccccc3)C(=O)N2[C@@H]1C(=O)[O-],3,0.2972972972972973,1.8213091445436536,0.9994012710272963
Gabapentin_80,Gabapentin,NCC1(CC(=O)O)CCCCC1,3,0.2222222222222222,2.53692628982382,0.99454245097403
Labetalol_96,Labetalol,C[C@H](CCc1ccccc1)NC[C@@H](O)c1ccc(O)c(C(N)=O)c1,4,0.2698412698412698,2.5624542922753553,0.9962450374412041
Olsalazine_38,Olsalazine,O=C([O-])c1cc(/N=N\c2ccc(O)c(C(=O)[O-])c2)ccc1[O-],4,0.5,10.064357356533039,0.9903781762823263
Cephalexin_47,Cephalexin,CC1=C(C(=O)[O-])N2C(=O)[C@@H](NC(=O)[C@@H](N)c3ccccc3)[C@H]2SC1,4,0.24242424242424243,2.1097727365757164,0.9996557236252892
Bupropion_34,Bupropion,C[C@@H]([NH2+]C(C)(C)C)C(=O)c1cccc(Cl)c1,4,0.32727272727272727,1.6638713892606127,0.9987825675727631
Practolol_62,Practolol,CC(=O)Nc1ccc(OC[C@H](O)CNC(C)C)cc1,4,0.3333333333333333,2.2346995323755054,0.9979460609887008
Terbutaline_105,Terbutaline,CC(C)(C)[NH2+]C[C@@H](O)c1cc([O-])cc(O)c1,4,0.19298245614035087,2.180771652419864,0.998307539827263
Practolol_63,Practolol,CC(=O)Nc1ccc(OC[C@@H](O)C[NH2+]C(C)C)cc1,4,0.44,2.3041241286008125,0.9980414039305331
Labetalol_97,Labetalol,C[C@@H](CCc1ccccc1)[NH2+]C[C@@H](O)c1ccc([O-])c(C(N)=O)c1,4,0.28125,2.5000573993410775,0.9979509713574959
Lucifer_Yellow_11,Lucifer_Yellow,NNC(=O)N1C(=O)c2cc(S(=O)(=O)[O-])cc3c(N)c(S(=O)(=O)[O-])cc(c23)C1=O,4,0.18823529411764706,8.267862057388129,0.9937277315739018
Sotalol_91,Sotalol,CC(C)[NH2+]C[C@@H](O)c1ccc([N-]S(C)(=O)=O)cc1,4,0.2830188679245283,2.9636992087590954,0.9972047463833381
Timolol_116,Timolol,CC(C)(C)NC[C@@H](O)COc1nsnc1N1CCOCC1,4,0.25333333333333335,1.71323582731574,0.9986018293291539
Trimethoprim_126,Trimethoprim,COc1cc(Cc2cnc(N)[nH+]c2N)cc(OC)c1OC,4,0.625,3.283574119766698,0.9953885594258426
Timolol_117,Timolol,CC(C)(C)[NH2+]C[C@H](O)COc1nsnc1N1CCOCC1,4,0.2702702702702703,1.616888988148964,0.9988205404161609
Ketoprofen_95,Ketoprofen,C[C@@H](C(=O)[O-])c1cccc(C(=O)c2ccccc2)c1,4,0.2857142857142857,3.8057134679320956,0.9942731283251152
Lisinopril_2,Lisinopril,[NH3+]CCCC[C@H]([NH2+][C@H](CCc1ccccc1)C(=O)[O-])C(=O)N1CCC[C@@H]1C(=O)[O-],4,0.23529411764705882,4.928055194495853,0.9984964822415868
Cefatrizine_41,Cefatrizine,N[C@@H](C(=O)N[C@@H]1C(=O)N2C(C(=O)[O-])=C(CSc3c[nH]nn3)CS[C@H]12)c1ccc(O)cc1,4,0.20689655172413793,5.908225368077998,0.9993755505289565
Labetalol_98,Labetalol,C[C@@H](CCc1ccccc1)[NH2+]C[C@H](O)c1ccc(O)c(C(N)=O)c1,4,0.2698412698412698,2.2293292713284267,0.9974224398951897
Acetylsalicylic_Acid_5,Acetylsalicylic_Acid,CC(=O)Oc1ccccc1C(=O)[O-],4,0.3409090909090909,4.616798241205709,0.9889249936513992
Acyclovir_9,Acyclovir,Nc1nc2c(ncn2COCCO)c(=O)[nH]1,4,0.2631578947368421,3.183374781579575,0.9989481354575654
Guanabenz_87,Guanabenz,NC(=[NH2+])N/N=C/c1c(Cl)cccc1Cl,4,0.2,6.70754202372225,0.9843184315848088
Pindolol_61,Pindolol,CC(C)[NH2+]C[C@@H](O)COc1cccc2[nH]ccc12,4,0.6444444444444445,2.0386721168450075,0.9990831056881245
Lisinopril_3,Lisinopril,[NH3+]CCCC[C@H](N[C@H](CCc1ccccc1)C(=O)[O-])C(=O)N1CCC[C@@H]1C(=O)[O-],4,0.24096385542168675,4.619728455223319,0.998441404182755
Penicillin_V_49,Penicillin_V,CC1(C)S[C@H]2[C@H](NC(=O)COc3ccccc3)C(=O)N2[C@@H]1C(=O)O,4,0.3055555555555556,2.01865029165497,0.9986919854726869
Phenytoin_59,Phenytoin,O=C1NC(=O)C(c2ccccc2)(c2ccccc2)N1,4,0.225,2.2838955755467083,0.9991807842791245
Cephalexin_48,Cephalexin,CC1=C(C(=O)[O-])N2C(=O)[C@H](NC(=O)[C@@H]([NH3+])c3ccccc3)[C@@H]2SC1,4,0.24242424242424243,2.190149538273447,0.9995622221713318
Acyclovir_11,Acyclovir,Nc1[nH]c(=O)c2ncn(COCCO)c2[nH+]1,4,0.23333333333333334,5.090443202709018,0.9977201591802647
Cefatrizine_43,Cefatrizine,N[C@@H](C(=O)N[C@@H]1C(=O)N2C(C(=O)[O-])=C(CSc3cnn[n-]3)CS[C@@H]12)c1ccc(O)cc1,4,0.18181818181818182,9.26775754969882,0.9991623090664372
Sumatriptan_98,Sumatriptan,CNS(=O)(=O)Cc1ccc2[nH]cc(CC[NH+](C)C)c2c1,4,0.25806451612903225,2.382305186158585,0.9995510367237909
Alprenolol_12,Alprenolol,C=CCc1ccccc1OC[C@H](O)CNC(C)C,4,0.35185185185185186,2.4159455705788107,0.998853279462109
Terbutaline_103,Terbutaline,CC(C)(C)NC[C@H](O)c1cc(O)cc(O)c1,4,0.19672131147540983,3.2139253258283667,0.99811464131073
Trimethoprim_124,Trimethoprim,COc1cc(Cc2cnc(N)nc2N)cc(OC)c1OC,4,0.6041666666666666,2.958525646331355,0.9972991892679441
Gabapentin_81,Gabapentin,[NH3+]CC1(CC(=O)[O-])CCCCC1,4,0.22916666666666666,3.0468262175581673,0.9980570571304938
Loracarbef_4,Loracarbef,N[C@@H](C(=O)N[C@@H]1C(=O)N2C(C(=O)O)=C(Cl)CC[C@@H]12)c1ccccc1,4,0.234375,3.7218954848297505,0.9993441821961272
Atenolol_29,Atenolol,CC(C)[NH2+]C[C@H](O)COc1ccc(CC(N)=O)cc1,4,0.44,2.7893506412781193,0.9976866409804491
Salicylic_Acid_82,Salicylic_Acid,O=C([O-])c1ccccc1O,4,0.37777777777777777,6.005418053724486,0.9983340353360515
Olsalazine_39,Olsalazine,O=C([O-])c1cc(/N=N/c2ccc(O)c(C(=O)[O-])c2)ccc1O,4,0.5581395348837209,6.440539651302653,0.9961202113592785
Ondansetron_44,Ondansetron,Cc1nccn1C[C@@H]1CCc2c(c3ccccc3n2C)C1=O,4,0.3,1.5342890861887797,0.9993643722160168
Sulfasalazine_95,Sulfasalazine,O=C([O-])c1cc(/N=N/c2ccc(S(=O)(=O)/N=c3/cccc[nH]3)cc2)ccc1O,4,1.0,1.3242156168835222,0.9998884810482984
Propranolol_67,Propranolol,CC(C)[NH2+]C[C@H](O)COc1cccc2ccccc12,4,1.0,0.17595169791782705,0.9999656401002996
Cefatrizine_42,Cefatrizine,[NH3+][C@@H](C(=O)N[C@H]1C(=O)N2C(C(=O)[O-])=C(CSc3cnn[nH]3)CS[C@H]12)c1ccc(O)cc1,4,0.22093023255813954,5.6489791113088454,0.9992222249795789
Trimethoprim_125,Trimethoprim,COc1cc(Cc2c[nH+]c(N)nc2N)cc(OC)c1OC,4,0.5918367346938775,2.7270995581389696,0.9972288329899788
Acrivastine_8,Acrivastine,Cc1ccc(/C(=C\C[NH+]2CCCC2)c2cccc(/C=C\C(=O)[O-])[nH+]2)cc1,4,0.25757575757575757,3.5853600934913623,0.9951379102420054
Sumatriptan_99,Sumatriptan,C[N-]S(=O)(=O)Cc1ccc2[nH]cc(CC[NH+](C)C)c2c1,4,0.23880597014925373,1.7159484257995246,0.9995354452701466
Cephalexin_46,Cephalexin,CC1=C(C(=O)O)N2C(=O)[C@H](NC(=O)[C@H](N)c3ccccc3)[C@@H]2SC1,4,0.25,3.6362926174872485,0.9995221539709714
Dexamethasone_59,Dexamethasone,C[C@@H]1C[C@H]2[C@@H]3CCC4=CC(=O)C=C[C@]4(C)[C@@]3(F)[C@@H](O)C[C@]2(C)[C@]1(O)C(=O)CO,4,0.4189189189189189,2.318557525704468,0.9990983221068691
Lamotrigine_99,Lamotrigine,Nc1nnc(-c2cccc(Cl)c2Cl)c(N)n1,4,0.32653061224489793,1.608478162735856,0.9995558419012316
Metoprolol_23,Metoprolol,COCCc1ccc(OC[C@@H](O)C[NH2+]C(C)C)cc1,4,0.4489795918367347,1.964322784065753,0.9970435437091354
Ondansetron_45,Ondansetron,Cc1[nH+]ccn1C[C@@H]1CCc2c(c3ccccc3n2C)C1=O,4,0.3,2.0259035021435787,0.999645656029643
Furosemide_79,Furosemide,NS(=O)(=O)c1cc(C(=O)[O-])c(NCc2ccco2)cc1Cl,4,0.3026315789473684,5.5175242636531845,0.9982059868329517
Olsalazine_41,Olsalazine,O=C([O-])C1=C/C(=N/Nc2ccc(O)c(C(=O)[O-])c2)C=CC1=O,4,0.5172413793103449,3.650785668866587,0.9984528652591044
Terbutaline_104,Terbutaline,CC(C)(C)[NH2+]C[C@H](O)c1cc(O)cc(O)c1,4,0.19672131147540983,1.9933933380040025,0.9985107831131157
Propylthiouracil_68,Propylthiouracil,CCCc1cc(=O)[nH]c(=S)[nH]1,4,0.3018867924528302,1.70354982316307,0.9992984841862933
Chlorothiazide_49,Chlorothiazide,NS(=O)(=O)c1cc2c(cc1Cl)NC=NS2(=O)=O,4,0.17721518987341772,4.6416918251860215,0.9965865137854715
Furosemide_78,Furosemide,NS(=O)(=O)c1cc(C(=O)O)c(NCc2ccco2)cc1Cl,4,0.30666666666666664,3.994318214664179,0.9992200752400632
Cefuroxime_44,Cefuroxime,CO/N=C(\C(=O)N[C@@H]1C(=O)N2C(C(=O)O)=C(COC(N)=O)CS[C@@H]12)c1ccco1,4,0.20833333333333334,6.12961931933741,0.9991864224500252
Amoxicillin_26,Amoxicillin,CC1(C)S[C@@H]2[C@H](NC(=O)[C@H]([NH3+])c3ccc(O)cc3)C(=O)N2[C@@H]1C(=O)[O-],4,0.19444444444444445,2.6983339304095977,0.9991540493845642
Pindolol_60,Pindolol,CC(C)NC[C@@H](O)COc1cccc2[nH]ccc12,4,0.39622641509433965,2.3256412019053196,0.9991385005942173
Corticosterone_58,Corticosterone,C[C@]12C[C@@H](O)[C@@H]3[C@H](CCC4=CC(=O)CC[C@]43C)[C@H]1CC[C@@H]2C(=O)CO,4,0.4084507042253521,4.088427448298456,0.9994593591135048
Ketoprofen_94,Ketoprofen,C[C@@H](C(=O)O)c1cccc(C(=O)c2ccccc2)c1,4,0.2978723404255319,2.3318919357465244,0.997546954678791
Acrivastine_6,Acrivastine,Cc1ccc(/C(=C\CN2CCCC2)c2cccc(/C=C\C(=O)O)n2)cc1,4,0.26229508196721313,2.050349238544361,0.9990161544730346
Olsalazine_40,Olsalazine,O=C([O-])C1=C/C(=N/Nc2ccc([O-])c(C(=O)[O-])c2)C=CC1=O,4,0.5172413793103449,8.229741915759032,0.9950973655604639
Hydrocortisone_92,Hydrocortisone,C[C@@]12CCC(=O)C=C1CC[C@H]1[C@H]2[C@@H](O)C[C@]2(C)[C@@H]1CC[C@]2(O)C(=O)CO,4,0.6833333333333333,1.3480856797697187,0.9992404782647746
Metoprolol_22,Metoprolol,COCCc1ccc(OC[C@H](O)CNC(C)C)cc1,4,0.2711864406779661,2.0776814000227786,0.9962284616464088
Alprenolol_13,Alprenolol,C=CCc1ccccc1OC[C@H](O)C[NH2+]C(C)C,4,0.5869565217391305,1.1359423400859032,0.9987638580950369
Sotalol_89,Sotalol,CC(C)NC[C@H](O)c1ccc(NS(C)(=O)=O)cc1,4,0.24489795918367346,2.0499043880141645,0.9980557863742606
Sulfasalazine_92,Sulfasalazine,O=C(O)c1cc(/N=N/c2ccc(S(=O)(=O)Nc3ccccn3)cc2)ccc1O,4,0.4426229508196721,3.422954863856454,0.9972682582562242
Oxyprenolol_47,Oxyprenolol,C=CCOc1ccccc1OC[C@@H](O)C[NH2+]C(C)C,4,0.6136363636363636,1.8881138736844412,0.998020945474504
Olsalazine_37,Olsalazine,O=C(O)c1cc(/N=N\c2ccc(O)c(C(=O)O)c2)ccc1O,4,0.40425531914893614,3.7634563900753744,0.9957600220777406
Olsalazine_42,Olsalazine,O=C([O-])c1cc(/N=N/c2ccc([O-])c(C(=O)[O-])c2)ccc1[O-],4,0.5581395348837209,15.964437666263038,0.9658850912253222
Nadolol_31,Nadolol,CC(C)(C)[NH2+]C[C@H](O)COc1cccc2c1C[C@@H](O)[C@H](O)C2,4,0.4,2.6048214910047234,0.9971894304716369
Sotalol_90,Sotalol,CC(C)[NH2+]C[C@H](O)c1ccc(NS(C)(=O)=O)cc1,4,0.2830188679245283,1.9772298804135675,0.9990371360146333
Loracarbef_5,Loracarbef,N[C@H](C(=O)N[C@H]1C(=O)N2C(C(=O)[O-])=C(Cl)CC[C@@H]12)c1ccccc1,4,0.22727272727272727,2.8523625295532793,0.9996322882117917
Atenolol_28,Atenolol,CC(C)NC[C@H](O)COc1ccc(CC(N)=O)cc1,4,0.29310344827586204,2.2617904412215575,0.9990032089599029
Amoxicillin_25,Amoxicillin,CC1(C)S[C@H]2[C@@H](NC(=O)[C@H](N)c3ccc(O)cc3)C(=O)N2[C@H]1C(=O)[O-],4,0.19444444444444445,2.746680542036217,0.9995238934699197
Bretylium_Tosylate_32,Bretylium_Tosylate,CC[N+](C)(C)Cc1ccccc1Br,4,0.2545454545454545,2.4468281508925247,0.997447402396264
Salicylic_Acid_83,Salicylic_Acid,O=C([O-])c1ccccc1[O-],4,0.34782608695652173,9.027303196414715,0.9667497233908714
Sulfasalazine_93,Sulfasalazine,O=C([O-])c1cc(/N=N\c2ccc(S(=O)(=O)/N=c3\cccc[nH]3)cc2)ccc1[O-],4,1.0,2.017766587096045,0.9989457575571578
Acrivastine_7,Acrivastine,Cc1ccc(/C(=C/C[NH+]2CCCC2)c2cccc(/C=C\C(=O)[O-])n2)cc1,4,0.25757575757575757,3.152564194429765,0.9960312138054446
Amoxicillin_24,Amoxicillin,CC1(C)S[C@@H]2[C@@H](NC(=O)[C@H](N)c3ccc(O)cc3)C(=O)N2[C@@H]1C(=O)O,4,0.21428571428571427,3.524200051075533,0.9993263228380973
Nadolol_30,Nadolol,CC(C)(C)NC[C@@H](O)COc1cccc2c1C[C@H](O)[C@@H](O)C2,4,0.3050847457627119,2.3767589276154655,0.9982929404089955
Lisinopril_1,Lisinopril,NCCCC[C@@H](N[C@@H](CCc1ccccc1)C(=O)O)C(=O)N1CCC[C@H]1C(=O)O,4,0.25301204819277107,4.284200158722628,0.9975278292897143
Olsalazine_43,Olsalazine,O=C(O)c1cc(/N=N\c2ccc(O)c(C(=O)[O-])c2)ccc1[O-],4,0.47058823529411764,5.227626325590424,0.9956340948344766
Acebutolol_2,Acebutolol,CCCC(=O)Nc1ccc(OC[C@@H](O)C[NH2+]C(C)C)c(C(C)=O)c1,4,0.43103448275862066,2.239476501328294,0.9985007033959362
Fluparoxan_74,Fluparoxan,Fc1cccc2c1O[C@H]1C[NH2+]C[C@@H]1O2,4,0.21818181818181817,1.8559816809440401,0.9966295209251339
Progesterone_65,Progesterone,CC(=O)[C@H]1CC[C@@H]2[C@@H]3CCC4=CC(=O)CC[C@]4(C)[C@H]3CC[C@@]12C,4,0.2916666666666667,2.1689366058050834,0.9999640334771228
Netivudine_32,Netivudine,CC#Cc1cn([C@@H]2O[C@H](CO)[C@@H](O)[C@@H]2O)c(=O)[nH]c1=O,4,0.20634920634920634,2.5746461892855863,0.9994058891005956
Cefatrizine_40,Cefatrizine,N[C@H](C(=O)N[C@H]1C(=O)N2C(C(=O)[O-])=C(CSc3cnn[nH]3)CS[C@H]12)c1ccc(O)cc1,4,0.22093023255813954,5.416890805618645,0.999453962326668
Antipyrine_27,Antipyrine,Cc1cc(=O)n(-c2ccccc2)n1C,4,0.2727272727272727,1.2604515064053528,0.9991084301927667
Fluparoxan_73,Fluparoxan,Fc1cccc2c1O[C@@H]1CNC[C@H]1O2,4,0.19672131147540983,2.998158101234863,0.9888621390978681
Hydrochlorothiazide_90,Hydrochlorothiazide,NS(=O)(=O)c1cc2c(cc1Cl)NCNS2(=O)=O,4,0.19642857142857142,4.600248797619549,0.9962547955826098
Acebutolol_1,Acebutolol,CCCC(=O)Nc1ccc(OC[C@@H](O)CNC(C)C)c(C(C)=O)c1,4,0.3181818181818182,2.5416884152073926,0.998130601497992
Testosterone_106,Testosterone,C[C@@]12CC[C@@H]3[C@H](CCC4=CC(=O)CC[C@]43C)[C@H]1CC[C@@H]2O,4,0.30434782608695654,4.180170809907436,0.9988816838254218
Sulfasalazine_94,Sulfasalazine,O=C([O-])C1=C/C(=N/Nc2ccc(S(=O)(=O)/N=c3\cccc[nH]3)cc2)C=CC1=O,4,1.0,0.33483876717097805,0.9999662737028326
Acyclovir_10,Acyclovir,Nc1nc(=O)c2ncn(COCCO)c2[nH]1,4,0.22388059701492538,3.640713666301653,0.998539399084826
Warfarin_131,Warfarin,CC(=O)C[C@@H](c1ccccc1)c1c([O-])c2ccccc2oc1=O,4,0.3103448275862069,1.5117436952075491,0.9982843458088372
Sumatriptan_97,Sumatriptan,CNS(=O)(=O)Cc1ccc2[nH]cc(CCN(C)C)c2c1,4,0.26506024096385544,1.5969968691263974,0.999515153320618
Acetylsalicylic_Acid_4,Acetylsalicylic_Acid,CC(=O)Oc1ccccc1C(=O)O,4,0.2916666666666667,3.6934703193608986,0.9873472156673602
Hydrochlorothiazide_91,Hydrochlorothiazide,NS(=O)(=O)c1cc2c(cc1Cl)NC[N-]S2(=O)=O,4,0.19298245614035087,4.941750297212572,0.9970727023281415
Cefatrizine_39,Cefatrizine,N[C@H](C(=O)N[C@@H]1C(=O)N2C(C(=O)O)=C(CSc3cn[nH]n3)CS[C@@H]12)c1ccc(O)cc1,4,0.19767441860465115,5.0077170447229715,0.9991851960159088
Cefuroxime_45,Cefuroxime,CO/N=C(/C(=O)N[C@@H]1C(=O)N2C(C(=O)[O-])=C(COC(N)=O)CS[C@H]12)c1ccco1,4,0.20202020202020202,5.531321451515551,0.9990233679040511
Warfarin_130,Warfarin,CC(=O)C[C@H](c1ccccc1)c1c(O)c2ccccc2oc1=O,4,0.32142857142857145,1.9322093571867978,0.998988092153299
Methylprednisolone_19,Methylprednisolone,C[C@@H]1C[C@H]2[C@@H]([C@@H](O)C[C@]3(C)[C@@H]2CC[C@@]3(O)C(=O)CO)[C@]2(C)C=CC(=O)C=C12,4,0.7049180327868853,3.1146987013192504,0.9979233159642448
Bupropion_33,Bupropion,C[C@H](NC(C)(C)C)C(=O)c1cccc(Cl)c1,4,0.31666666666666665,0.6446836433474717,0.9993003025422091
Loracarbef_6,Loracarbef,[NH3+][C@@H](C(=O)N[C@@H]1C(=O)N2C(C(=O)[O-])=C(Cl)CC[C@H]12)c1ccccc1,4,0.22727272727272727,2.492925189410125,0.9995957249886951
Oxyprenolol_46,Oxyprenolol,C=CCOc1ccccc1OC[C@H](O)CNC(C)C,4,0.36538461538461536,1.9678813480492667,0.998502818061015
Acetaminophen_3,Acetaminophen,CC(=O)Nc1ccc(O)cc1,4,0.39473684210526316,2.8470879859954743,0.9991023829003666
Propranolol_66,Propranolol,CC(C)NC[C@@H](O)COc1cccc2ccccc12,4,0.627906976744186,2.395654607826481,0.9978559943295369
Sulfasalazine_96,Sulfasalazine,O=C(O)c1cc(/N=N/c2ccc(S(=O)(=O)/N=c3/cccc[nH]3)cc2)ccc1[O-],4,1.0,1.089817415901498,0.9997165123526166
Guanabenz_86,Guanabenz,NC(N)=N/N=C\c1c(Cl)cccc1Cl,4,0.19148936170212766,2.1908359135272764,0.9956291969880482
Salicylic_Acid_81,Salicylic_Acid,O=C(O)c1ccccc1O,4,0.2926829268292683,3.19903501074933,0.9919679393567804
Penicillin_V_50,Penicillin_V,CC1(C)S[C@H]2[C@H](NC(=O)COc3ccccc3)C(=O)N2[C@@H]1C(=O)[O-],4,0.2972972972972973,1.8213091445436536,0.9994012710272963
Gabapentin_80,Gabapentin,NCC1(CC(=O)O)CCCCC1,4,0.23404255319148937,2.358877487280857,0.9943430158173531
Labetalol_96,Labetalol,C[C@H](CCc1ccccc1)NC[C@@H](O)c1ccc(O)c(C(N)=O)c1,5,0.2698412698412698,2.5624542922753553,0.9962450374412041
Olsalazine_38,Olsalazine,O=C([O-])c1cc(/N=N\c2ccc(O)c(C(=O)[O-])c2)ccc1[O-],5,0.5,10.064357356533039,0.9903781762823263
Cephalexin_47,Cephalexin,CC1=C(C(=O)[O-])N2C(=O)[C@@H](NC(=O)[C@@H](N)c3ccccc3)[C@H]2SC1,5,0.24242424242424243,2.1097727365757164,0.9996557236252892
Bupropion_34,Bupropion,C[C@@H]([NH2+]C(C)(C)C)C(=O)c1cccc(Cl)c1,5,0.32727272727272727,1.0760687710363834,0.9987112767660135
Practolol_62,Practolol,CC(=O)Nc1ccc(OC[C@H](O)CNC(C)C)cc1,5,0.3617021276595745,2.2346995323755054,0.9979460609887008
Terbutaline_105,Terbutaline,CC(C)(C)[NH2+]C[C@@H](O)c1cc([O-])cc(O)c1,5,0.25,2.640226884190166,0.9988276647393235
Practolol_63,Practolol,CC(=O)Nc1ccc(OC[C@@H](O)C[NH2+]C(C)C)cc1,5,0.44,2.3041241286008125,0.9980414039305331
Labetalol_97,Labetalol,C[C@@H](CCc1ccccc1)[NH2+]C[C@@H](O)c1ccc([O-])c(C(N)=O)c1,5,0.28125,2.5000573993410775,0.9973851700014814
Lucifer_Yellow_11,Lucifer_Yellow,NNC(=O)N1C(=O)c2cc(S(=O)(=O)[O-])cc3c(N)c(S(=O)(=O)[O-])cc(c23)C1=O,5,0.18823529411764706,8.267862057388129,0.9937277315739018
Sotalol_91,Sotalol,CC(C)[NH2+]C[C@@H](O)c1ccc([N-]S(C)(=O)=O)cc1,5,0.2830188679245283,2.9636992087590954,0.9972047463833381
Timolol_116,Timolol,CC(C)(C)NC[C@@H](O)COc1nsnc1N1CCOCC1,5,0.25333333333333335,1.71323582731574,0.9986018293291539
Trimethoprim_126,Trimethoprim,COc1cc(Cc2cnc(N)[nH+]c2N)cc(OC)c1OC,5,0.625,3.283574119766698,0.9953885594258426
Timolol_117,Timolol,CC(C)(C)[NH2+]C[C@H](O)COc1nsnc1N1CCOCC1,5,0.2702702702702703,1.616888988148964,0.9988205404161609
Ketoprofen_95,Ketoprofen,C[C@@H](C(=O)[O-])c1cccc(C(=O)c2ccccc2)c1,5,0.2857142857142857,3.4132863929064383,0.9942731283251152
Lisinopril_2,Lisinopril,[NH3+]CCCC[C@H]([NH2+][C@H](CCc1ccccc1)C(=O)[O-])C(=O)N1CCC[C@@H]1C(=O)[O-],5,0.23529411764705882,4.928055194495853,0.9984964822415868
Cefatrizine_41,Cefatrizine,N[C@@H](C(=O)N[C@@H]1C(=O)N2C(C(=O)[O-])=C(CSc3c[nH]nn3)CS[C@H]12)c1ccc(O)cc1,5,0.20689655172413793,5.908225368077998,0.9993755505289565
Labetalol_98,Labetalol,C[C@@H](CCc1ccccc1)[NH2+]C[C@H](O)c1ccc(O)c(C(N)=O)c1,5,0.2698412698412698,2.3804995274100462,0.9974224398951897
Acetylsalicylic_Acid_5,Acetylsalicylic_Acid,CC(=O)Oc1ccccc1C(=O)[O-],5,0.38461538461538464,4.616798241205709,0.9889249936513992
Acyclovir_9,Acyclovir,Nc1nc2c(ncn2COCCO)c(=O)[nH]1,5,0.2631578947368421,3.183374781579575,0.9989481354575654
Guanabenz_87,Guanabenz,NC(=[NH2+])N/N=C/c1c(Cl)cccc1Cl,5,1.0,0.01830300521752225,0.9999964442934671
Pindolol_61,Pindolol,CC(C)[NH2+]C[C@@H](O)COc1cccc2[nH]ccc12,5,0.6444444444444445,2.0386721168450075,0.9990831056881245
Lisinopril_3,Lisinopril,[NH3+]CCCC[C@H](N[C@H](CCc1ccccc1)C(=O)[O-])C(=O)N1CCC[C@@H]1C(=O)[O-],5,0.273972602739726,4.657427186763002,0.9974651449976891
Penicillin_V_49,Penicillin_V,CC1(C)S[C@H]2[C@H](NC(=O)COc3ccccc3)C(=O)N2[C@@H]1C(=O)O,5,0.30303030303030304,2.01865029165497,0.9986919854726869
Phenytoin_59,Phenytoin,O=C1NC(=O)C(c2ccccc2)(c2ccccc2)N1,5,0.225,2.6115880226407775,0.9991807842791245
Cephalexin_48,Cephalexin,CC1=C(C(=O)[O-])N2C(=O)[C@H](NC(=O)[C@@H]([NH3+])c3ccccc3)[C@@H]2SC1,5,0.2535211267605634,2.190149538273447,0.9995622221713318
Acyclovir_11,Acyclovir,Nc1[nH]c(=O)c2ncn(COCCO)c2[nH+]1,5,0.23333333333333334,5.090443202709018,0.9977201591802647
Cefatrizine_43,Cefatrizine,N[C@@H](C(=O)N[C@@H]1C(=O)N2C(C(=O)[O-])=C(CSc3cnn[n-]3)CS[C@@H]12)c1ccc(O)cc1,5,0.18181818181818182,9.26775754969882,0.9991623090664372
Sumatriptan_98,Sumatriptan,CNS(=O)(=O)Cc1ccc2[nH]cc(CC[NH+](C)C)c2c1,5,0.25806451612903225,2.382305186158585,0.9995510367237909
Alprenolol_12,Alprenolol,C=CCc1ccccc1OC[C@H](O)CNC(C)C,5,0.41509433962264153,2.4159455705788107,0.998853279462109
Terbutaline_103,Terbutaline,CC(C)(C)NC[C@H](O)c1cc(O)cc(O)c1,5,0.2,2.257233483714003,0.99811464131073
Trimethoprim_124,Trimethoprim,COc1cc(Cc2cnc(N)nc2N)cc(OC)c1OC,5,0.6041666666666666,2.958525646331355,0.9972991892679441
Gabapentin_81,Gabapentin,[NH3+]CC1(CC(=O)[O-])CCCCC1,5,0.22916666666666666,3.004453527681933,0.9980570571304938
Loracarbef_4,Loracarbef,N[C@@H](C(=O)N[C@@H]1C(=O)N2C(C(=O)O)=C(Cl)CC[C@@H]12)c1ccccc1,5,0.234375,3.7218954848297505,0.9993441821961272
Atenolol_29,Atenolol,CC(C)[NH2+]C[C@H](O)COc1ccc(CC(N)=O)cc1,5,0.44,2.7893506412781193,0.9976866409804491
Salicylic_Acid_82,Salicylic_Acid,O=C([O-])c1ccccc1O,5,0.4117647058823529,6.259813256000571,0.9983340353360515
Olsalazine_39,Olsalazine,O=C([O-])c1cc(/N=N/c2ccc(O)c(C(=O)[O-])c2)ccc1O,5,0.5581395348837209,6.440539651302653,0.9961202113592785
Ondansetron_44,Ondansetron,Cc1nccn1C[C@@H]1CCc2c(c3ccccc3n2C)C1=O,5,0.3,1.5342890861887797,0.9993643722160168
Sulfasalazine_95,Sulfasalazine,O=C([O-])c1cc(/N=N/c2ccc(S(=O)(=O)/N=c3/cccc[nH]3)cc2)ccc1O,5,1.0,1.3242156168835222,0.9998884810482984
Propranolol_67,Propranolol,CC(C)[NH2+]C[C@H](O)COc1cccc2ccccc12,5,1.0,0.17595169791782705,0.9999656401002996
Cefatrizine_42,Cefatrizine,[NH3+][C@@H](C(=O)N[C@H]1C(=O)N2C(C(=O)[O-])=C(CSc3cnn[nH]3)CS[C@H]12)c1ccc(O)cc1,5,0.22093023255813954,5.6489791113088454,0.9992222249795789
Trimethoprim_125,Trimethoprim,COc1cc(Cc2c[nH+]c(N)nc2N)cc(OC)c1OC,5,0.5918367346938775,2.7270995581389696,0.9972288329899788
Acrivastine_8,Acrivastine,Cc1ccc(/C(=C\C[NH+]2CCCC2)c2cccc(/C=C\C(=O)[O-])[nH+]2)cc1,5,0.25757575757575757,3.5853600934913623,0.9951379102420054
Sumatriptan_99,Sumatriptan,C[N-]S(=O)(=O)Cc1ccc2[nH]cc(CC[NH+](C)C)c2c1,5,0.23880597014925373,2.131037071474382,0.9991484469389784
Cephalexin_46,Cephalexin,CC1=C(C(=O)O)N2C(=O)[C@H](NC(=O)[C@H](N)c3ccccc3)[C@@H]2SC1,5,0.25,3.6362926174872485,0.9995221539709714
Dexamethasone_59,Dexamethasone,C[C@@H]1C[C@H]2[C@@H]3CCC4=CC(=O)C=C[C@]4(C)[C@@]3(F)[C@@H](O)C[C@]2(C)[C@]1(O)C(=O)CO,5,0.4189189189189189,2.318557525704468,0.9990983221068691
Lamotrigine_99,Lamotrigine,Nc1nnc(-c2cccc(Cl)c2Cl)c(N)n1,5,0.32653061224489793,1.608478162735856,0.9995558419012316
Metoprolol_23,Metoprolol,COCCc1ccc(OC[C@@H](O)C[NH2+]C(C)C)cc1,5,0.4489795918367347,1.964322784065753,0.9970435437091354
Ondansetron_45,Ondansetron,Cc1[nH+]ccn1C[C@@H]1CCc2c(c3ccccc3n2C)C1=O,5,0.3,2.0259035021435787,0.9990008487600837
Furosemide_79,Furosemide,NS(=O)(=O)c1cc(C(=O)[O-])c(NCc2ccco2)cc1Cl,5,0.3026315789473684,5.5175242636531845,0.9982059868329517
Olsalazine_41,Olsalazine,O=C([O-])C1=C/C(=N/Nc2ccc(O)c(C(=O)[O-])c2)C=CC1=O,5,0.5172413793103449,3.650785668866587,0.9977305341776203
Terbutaline_104,Terbutaline,CC(C)(C)[NH2+]C[C@H](O)c1cc(O)cc(O)c1,5,0.28205128205128205,2.1242648139997584,0.9985107831131157
Propylthiouracil_68,Propylthiouracil,CCCc1cc(=O)[nH]c(=S)[nH]1,5,0.3018867924528302,1.70354982316307,0.9992984841862933
Chlorothiazide_49,Chlorothiazide,NS(=O)(=O)c1cc2c(cc1Cl)NC=NS2(=O)=O,5,0.17721518987341772,4.6416918251860215,0.9965865137854715
Furosemide_78,Furosemide,NS(=O)(=O)c1cc(C(=O)O)c(NCc2ccco2)cc1Cl,5,0.30666666666666664,3.994318214664179,0.9992200752400632
Cefuroxime_44,Cefuroxime,CO/N=C(\C(=O)N[C@@H]1C(=O)N2C(C(=O)O)=C(COC(N)=O)CS[C@@H]12)c1ccco1,5,0.23655913978494625,6.12961931933741,0.9991864224500252
Amoxicillin_26,Amoxicillin,CC1(C)S[C@@H]2[C@H](NC(=O)[C@H]([NH3+])c3ccc(O)cc3)C(=O)N2[C@@H]1C(=O)[O-],5,0.2054794520547945,2.6983339304095977,0.9991540493845642
Pindolol_60,Pindolol,CC(C)NC[C@@H](O)COc1cccc2[nH]ccc12,5,0.39622641509433965,2.449784072117655,0.9991572368538625
Corticosterone_58,Corticosterone,C[C@]12C[C@@H](O)[C@@H]3[C@H](CCC4=CC(=O)CC[C@]43C)[C@H]1CC[C@@H]2C(=O)CO,5,0.4084507042253521,3.088263913592915,0.9976290868899156
Ketoprofen_94,Ketoprofen,C[C@@H](C(=O)O)c1cccc(C(=O)c2ccccc2)c1,5,0.2978723404255319,2.3318919357465244,0.9965763700509906
Acrivastine_6,Acrivastine,Cc1ccc(/C(=C\CN2CCCC2)c2cccc(/C=C\C(=O)O)n2)cc1,5,0.26229508196721313,2.050349238544361,0.9990161544730346
Olsalazine_40,Olsalazine,O=C([O-])C1=C/C(=N/Nc2ccc([O-])c(C(=O)[O-])c2)C=CC1=O,5,0.5172413793103449,8.229741915759032,0.9950973655604639
Hydrocortisone_92,Hydrocortisone,C[C@@]12CCC(=O)C=C1CC[C@H]1[C@H]2[C@@H](O)C[C@]2(C)[C@@H]1CC[C@]2(O)C(=O)CO,5,0.6833333333333333,1.3480856797697187,0.9992404782647746
Metoprolol_22,Metoprolol,COCCc1ccc(OC[C@H](O)CNC(C)C)cc1,5,0.2711864406779661,2.0776814000227786,0.9962284616464088
Alprenolol_13,Alprenolol,C=CCc1ccccc1OC[C@H](O)C[NH2+]C(C)C,5,0.5869565217391305,1.1359423400859032,0.9987638580950369
Sotalol_89,Sotalol,CC(C)NC[C@H](O)c1ccc(NS(C)(=O)=O)cc1,5,0.2549019607843137,2.0499043880141645,0.9980557863742606
Sulfasalazine_92,Sulfasalazine,O=C(O)c1cc(/N=N/c2ccc(S(=O)(=O)Nc3ccccn3)cc2)ccc1O,5,0.4426229508196721,2.873479597978652,0.9972682582562242
Oxyprenolol_47,Oxyprenolol,C=CCOc1ccccc1OC[C@@H](O)C[NH2+]C(C)C,5,0.6136363636363636,1.8881138736844412,0.9985906141363251
Olsalazine_37,Olsalazine,O=C(O)c1cc(/N=N\c2ccc(O)c(C(=O)O)c2)ccc1O,5,0.40425531914893614,3.7634563900753744,0.9957809594160014
Olsalazine_42,Olsalazine,O=C([O-])c1cc(/N=N/c2ccc([O-])c(C(=O)[O-])c2)ccc1[O-],5,0.5581395348837209,15.964437666263038,0.9658850912253222
Nadolol_31,Nadolol,CC(C)(C)[NH2+]C[C@H](O)COc1cccc2c1C[C@@H](O)[C@H](O)C2,5,0.4,2.2229471428714573,0.9976985568855823
Sotalol_90,Sotalol,CC(C)[NH2+]C[C@H](O)c1ccc(NS(C)(=O)=O)cc1,5,0.2830188679245283,1.9772298804135675,0.9990371360146333
Loracarbef_5,Loracarbef,N[C@H](C(=O)N[C@H]1C(=O)N2C(C(=O)[O-])=C(Cl)CC[C@@H]12)c1ccccc1,5,0.22727272727272727,2.8553395594923034,0.9996322882117917
Atenolol_28,Atenolol,CC(C)NC[C@H](O)COc1ccc(CC(N)=O)cc1,5,0.29310344827586204,2.2617904412215575,0.9990032089599029
Amoxicillin_25,Amoxicillin,CC1(C)S[C@H]2[C@@H](NC(=O)[C@H](N)c3ccc(O)cc3)C(=O)N2[C@H]1C(=O)[O-],5,0.19444444444444445,2.674193897233899,0.9995238934699197
Bretylium_Tosylate_32,Bretylium_Tosylate,CC[N+](C)(C)Cc1ccccc1Br,5,0.2545454545454545,1.9380786877729472,0.9976189042413108
Salicylic_Acid_83,Salicylic_Acid,O=C([O-])c1ccccc1[O-],5,0.4117647058823529,12.083406680237141,0.9667497233908714
Sulfasalazine_93,Sulfasalazine,O=C([O-])c1cc(/N=N\c2ccc(S(=O)(=O)/N=c3\cccc[nH]3)cc2)ccc1[O-],5,1.0,2.017766587096045,0.9989457575571578
Acrivastine_7,Acrivastine,Cc1ccc(/C(=C/C[NH+]2CCCC2)c2cccc(/C=C\C(=O)[O-])n2)cc1,5,0.25757575757575757,3.152564194429765,0.9960312138054446
Amoxicillin_24,Amoxicillin,CC1(C)S[C@@H]2[C@@H](NC(=O)[C@H](N)c3ccc(O)cc3)C(=O)N2[C@@H]1C(=O)O,5,0.21428571428571427,3.524200051075533,0.9993263228380973
Nadolol_30,Nadolol,CC(C)(C)NC[C@@H](O)COc1cccc2c1C[C@H](O)[C@@H](O)C2,5,0.3050847457627119,2.3767589276154655,0.9982929404089955
Lisinopril_1,Lisinopril,NCCCC[C@@H](N[C@@H](CCc1ccccc1)C(=O)O)C(=O)N1CCC[C@H]1C(=O)O,5,0.25,4.284200158722628,0.9988247071251822
Olsalazine_43,Olsalazine,O=C(O)c1cc(/N=N\c2ccc(O)c(C(=O)[O-])c2)ccc1[O-],5,0.47058823529411764,5.227626325590424,0.9956340948344766
Acebutolol_2,Acebutolol,CCCC(=O)Nc1ccc(OC[C@@H](O)C[NH2+]C(C)C)c(C(C)=O)c1,5,0.43103448275862066,2.239476501328294,0.9985007033959362
Fluparoxan_74,Fluparoxan,Fc1cccc2c1O[C@H]1C[NH2+]C[C@@H]1O2,5,0.21818181818181817,1.8559816809440401,0.9966295209251339
Progesterone_65,Progesterone,CC(=O)[C@H]1CC[C@@H]2[C@@H]3CCC4=CC(=O)CC[C@]4(C)[C@H]3CC[C@@]12C,5,0.2916666666666667,2.1689366058050834,0.9999640334771228
Netivudine_32,Netivudine,CC#Cc1cn([C@@H]2O[C@H](CO)[C@@H](O)[C@@H]2O)c(=O)[nH]c1=O,5,0.20634920634920634,2.5746461892855863,0.9994058891005956
Cefatrizine_40,Cefatrizine,N[C@H](C(=O)N[C@H]1C(=O)N2C(C(=O)[O-])=C(CSc3cnn[nH]3)CS[C@H]12)c1ccc(O)cc1,5,0.22093023255813954,5.416890805618645,0.999453962326668
Antipyrine_27,Antipyrine,Cc1cc(=O)n(-c2ccccc2)n1C,5,0.2727272727272727,1.2604515064053528,0.998709876444291
Fluparoxan_73,Fluparoxan,Fc1cccc2c1O[C@@H]1CNC[C@H]1O2,5,0.20754716981132076,2.2155908918391085,0.988910272204099
Hydrochlorothiazide_90,Hydrochlorothiazide,NS(=O)(=O)c1cc2c(cc1Cl)NCNS2(=O)=O,5,0.19642857142857142,4.392787611528885,0.9962547955826098
Acebutolol_1,Acebutolol,CCCC(=O)Nc1ccc(OC[C@@H](O)CNC(C)C)c(C(C)=O)c1,5,0.3508771929824561,2.5416884152073926,0.998130601497992
Testosterone_106,Testosterone,C[C@@]12CC[C@@H]3[C@H](CCC4=CC(=O)CC[C@]43C)[C@H]1CC[C@@H]2O,5,0.30434782608695654,1.2447023740639358,0.9994558340266183
Sulfasalazine_94,Sulfasalazine,O=C([O-])C1=C/C(=N/Nc2ccc(S(=O)(=O)/N=c3\cccc[nH]3)cc2)C=CC1=O,5,1.0,0.33483876717097805,0.9999662737028326
Acyclovir_10,Acyclovir,Nc1nc(=O)c2ncn(COCCO)c2[nH]1,5,0.22535211267605634,3.640713666301653,0.998539399084826
Warfarin_131,Warfarin,CC(=O)C[C@@H](c1ccccc1)c1c([O-])c2ccccc2oc1=O,5,0.3103448275862069,1.0878179994833803,0.9984722866775008
Sumatriptan_97,Sumatriptan,CNS(=O)(=O)Cc1ccc2[nH]cc(CCN(C)C)c2c1,5,0.25806451612903225,1.6275607515539525,0.999515153320618
Acetylsalicylic_Acid_4,Acetylsalicylic_Acid,CC(=O)Oc1ccccc1C(=O)O,5,0.3,3.6934703193608986,0.988790081871317
Hydrochlorothiazide_91,Hydrochlorothiazide,NS(=O)(=O)c1cc2c(cc1Cl)NC[N-]S2(=O)=O,5,0.19298245614035087,4.941750297212572,0.9970727023281415
Cefatrizine_39,Cefatrizine,N[C@H](C(=O)N[C@@H]1C(=O)N2C(C(=O)O)=C(CSc3cn[nH]n3)CS[C@@H]12)c1ccc(O)cc1,5,0.19767441860465115,5.0077170447229715,0.9991851960159088
Cefuroxime_45,Cefuroxime,CO/N=C(/C(=O)N[C@@H]1C(=O)N2C(C(=O)[O-])=C(COC(N)=O)CS[C@H]12)c1ccco1,5,0.23404255319148937,5.531321451515551,0.9994265852233616
Warfarin_130,Warfarin,CC(=O)C[C@H](c1ccccc1)c1c(O)c2ccccc2oc1=O,5,0.32142857142857145,1.730997400344636,0.998988092153299
Methylprednisolone_19,Methylprednisolone,C[C@@H]1C[C@H]2[C@@H]([C@@H](O)C[C@]3(C)[C@@H]2CC[C@@]3(O)C(=O)CO)[C@]2(C)C=CC(=O)C=C12,5,0.7049180327868853,3.1146987013192504,0.9977522360970738
Bupropion_33,Bupropion,C[C@H](NC(C)(C)C)C(=O)c1cccc(Cl)c1,5,0.30357142857142855,0.6446836433474717,0.9993003025422091
Loracarbef_6,Loracarbef,[NH3+][C@@H](C(=O)N[C@@H]1C(=O)N2C(C(=O)[O-])=C(Cl)CC[C@H]12)c1ccccc1,5,0.23943661971830985,2.492925189410125,0.9995957249886951
Oxyprenolol_46,Oxyprenolol,C=CCOc1ccccc1OC[C@H](O)CNC(C)C,5,0.36538461538461536,1.9678813480492667,0.998502818061015
Acetaminophen_3,Acetaminophen,CC(=O)Nc1ccc(O)cc1,5,0.5,2.8470879859954743,0.9991023829003666
Propranolol_66,Propranolol,CC(C)NC[C@@H](O)COc1cccc2ccccc12,5,0.627906976744186,2.395654607826481,0.9978559943295369
Sulfasalazine_96,Sulfasalazine,O=C(O)c1cc(/N=N/c2ccc(S(=O)(=O)/N=c3/cccc[nH]3)cc2)ccc1[O-],5,1.0,1.089817415901498,0.9997165123526166
Guanabenz_86,Guanabenz,NC(N)=N/N=C\c1c(Cl)cccc1Cl,5,1.0,2.1908359135272764,0.9956291969880482
Salicylic_Acid_81,Salicylic_Acid,O=C(O)c1ccccc1O,5,0.2926829268292683,3.19903501074933,0.9941071574697341
Penicillin_V_50,Penicillin_V,CC1(C)S[C@H]2[C@H](NC(=O)COc3ccccc3)C(=O)N2[C@@H]1C(=O)[O-],5,0.29411764705882354,1.8213091445436536,0.9994012710272963
Gabapentin_80,Gabapentin,NCC1(CC(=O)O)CCCCC1,5,0.23404255319148937,2.53692628982382,0.99454245097403
