lgfe_0,lgfe_1,lgfe_2,lgfe_3,lgfe_4,lgfe_5,lgfe_6,lgfe_7,lgfe_8,lgfe_9,lgfe_10,lgfe_11,lgfe_12,lgfe_13,lgfe_14,lgfe_15,lgfe_16,lgfe_17,lgfe_18,lgfe_19,lgfe_20,lgfe_21,lgfe_22,lgfe_23,lgfe_24,lgfe_25,lgfe_26,lgfe_27,lgfe_28,lgfe_29,lgfe_30,lgfe_31,lgfe_32,lgfe_33,lgfe_34,lgfe_35,lgfe_36,lgfe_37,lgfe_38,lgfe_39,lgfe_40,lgfe_41,lgfe_42,lgfe_43,lgfe_44,lgfe_45,lgfe_46,lgfe_47,lgfe_48,lgfe_49,lgfe_50,lgfe_51,lgfe_52,lgfe_53,lgfe_54,lgfe_55,lgfe_56,lgfe_57,lgfe_58,lgfe_59,lgfe_60,lgfe_61,lgfe_62,lgfe_63,lgfe_64,lgfe_65,lgfe_66,lgfe_67,lgfe_68,lgfe_69,lgfe_70,lgfe_71,lgfe_72,lgfe_73,lgfe_74,lgfe_75,lgfe_76,lgfe_77,lgfe_78,lgfe_79,lgfe_80,lgfe_81,lgfe_82,lgfe_83,lgfe_84,lgfe_85,lgfe_86,lgfe_87,lgfe_88,lgfe_89,lgfe_90,lgfe_91,lgfe_92,lgfe_93,lgfe_94,lgfe_95,lgfe_96,lgfe_97,lgfe_98,lgfe_99,lgfe_100,lgfe_101,lgfe_102,lgfe_103,lgfe_104,lgfe_105,lgfe_106,lgfe_107,lgfe_108,lgfe_109,lgfe_110,lgfe_111,lgfe_112,lgfe_113,lgfe_114,lgfe_115,lgfe_116,lgfe_117,lgfe_118,lgfe_119,lgfe_120,lgfe_121,lgfe_122,lgfe_123,lgfe_124,lgfe_125,lgfe_126,lgfe_127,lgfe_128,lgfe_129,lgfe_130,lgfe_131,lgfe_132,lgfe_133,lgfe_134,lgfe_135,lgfe_136,lgfe_137,lgfe_138,lgfe_139,lgfe_140,lgfe_141,lgfe_142,lgfe_143,lgfe_144,lgfe_145,lgfe_146,lgfe_147,lgfe_148,lgfe_149,lgfe_150,lgfe_151,lgfe_152,lgfe_153,lgfe_154,lgfe_155,lgfe_156,lgfe_157,lgfe_158,lgfe_159,lgfe_160,lgfe_161,lgfe_162,lgfe_163,lgfe_164,lgfe_165,lgfe_166,lgfe_167,lgfe_168,lgfe_169,lgfe_170,lgfe_171,lgfe_172,lgfe_173,lgfe_174,lgfe_175,lgfe_176,lgfe_177,lgfe_178,lgfe_179,lgfe_180,lgfe_181,lgfe_182,lgfe_183,lgfe_184,Molecule,log10_P_app
1.407,1.393,1.391,1.39,1.39,1.39,1.39,1.392,1.394,1.395,1.397,1.399,1.402,1.402,1.401,1.401,1.4,1.401,1.406,1.412,1.419,1.42,1.421,1.423,1.424,1.425,1.425,1.424,1.42,1.416,1.415,1.409,1.406,1.402,1.396,1.393,1.388,1.387,1.385,1.385,1.383,1.38,1.375,1.374,1.37,1.366,1.359,1.354,1.346,1.341,1.335,1.327,1.318,1.312,1.311,1.31,1.31,1.31,1.311,1.318,1.34,1.375,1.442,1.43,1.34,1.262,1.166,1.062,0.93,0.725,0.436,0.014,-0.422,-0.762,-0.952,-0.969,-0.969,-0.858,-0.462,0.209,1.143,2.292,2.937,3.415,3.959,4.298,4.838,5.147,5.441,5.852,6.165,6.166,6.168,5.61,5.26,4.884,4.572,4.234,3.521,3.201,2.674,1.527,0.484,-0.373,-0.782,-0.976,-1.002,-1.002,-0.915,-0.631,-0.209,0.322,0.625,0.867,0.989,1.1,1.215,1.291,1.371,1.455,1.374,1.327,1.309,1.3,1.296,1.292,1.288,1.288,1.288,1.291,1.297,1.304,1.311,1.318,1.321,1.327,1.333,1.338,1.339,1.339,1.344,1.348,1.356,1.36,1.362,1.365,1.369,1.371,1.374,1.374,1.376,1.376,1.377,1.379,1.381,1.382,1.382,1.385,1.383,1.382,1.382,1.381,1.382,1.382,1.382,1.384,1.387,1.391,1.397,1.397,1.398,1.405,1.411,1.413,1.415,1.419,1.422,1.423,1.425,1.427,1.427,1.427,1.429,1.429,1.436,Atenolol,-5.7447274948966935
1.903,1.889,1.887,1.887,1.887,1.887,1.89,1.893,1.898,1.901,1.904,1.905,1.905,1.904,1.903,1.903,1.903,1.904,1.908,1.914,1.919,1.924,1.928,1.93,1.933,1.933,1.932,1.928,1.925,1.922,1.919,1.914,1.912,1.907,1.903,1.899,1.895,1.893,1.893,1.892,1.89,1.888,1.885,1.883,1.88,1.876,1.869,1.862,1.855,1.848,1.841,1.834,1.827,1.821,1.819,1.819,1.818,1.819,1.82,1.826,1.84,1.874,1.948,2.048,1.975,1.922,1.884,1.756,1.333,0.97,0.57,-0.109,-0.764,-1.294,-1.549,-1.663,-1.706,-1.706,-1.614,-1.36,-0.944,-0.421,0.137,0.716,1.34,1.972,2.59,2.84,2.991,3.047,3.036,3.037,3.038,3.083,3.01,2.851,2.247,1.601,0.977,0.347,-0.224,-0.762,-1.256,-1.567,-1.685,-1.725,-1.701,-1.614,-1.433,-1.004,-0.411,0.313,0.81,1.197,1.555,1.846,1.884,1.936,1.99,1.96,1.876,1.83,1.811,1.802,1.799,1.794,1.79,1.789,1.79,1.792,1.802,1.807,1.814,1.821,1.827,1.831,1.834,1.837,1.841,1.842,1.845,1.852,1.858,1.86,1.862,1.867,1.871,1.873,1.874,1.874,1.875,1.875,1.877,1.878,1.88,1.881,1.881,1.883,1.882,1.881,1.88,1.878,1.878,1.878,1.876,1.877,1.882,1.887,1.89,1.894,1.898,1.902,1.903,1.908,1.912,1.915,1.916,1.92,1.923,1.922,1.924,1.924,1.924,1.925,1.936,Oxyprenolol,-3.886056647693163
1.295,1.285,1.275,1.274,1.275,1.275,1.276,1.281,1.282,1.285,1.285,1.285,1.286,1.286,1.285,1.284,1.284,1.285,1.289,1.294,1.3,1.307,1.311,1.316,1.317,1.316,1.315,1.31,1.307,1.304,1.298,1.29,1.288,1.282,1.273,1.266,1.261,1.258,1.257,1.253,1.252,1.248,1.247,1.243,1.238,1.232,1.225,1.215,1.205,1.197,1.185,1.178,1.166,1.159,1.154,1.151,1.151,1.156,1.165,1.185,1.219,1.28,1.369,1.51,1.689,1.839,1.963,2.015,1.937,1.644,1.222,0.821,0.256,-0.098,-0.208,-0.218,-0.163,0.067,0.898,2.033,3.45,4.687,6.851,7.959,9.045,9.922,10.583,10.341,10.217,10.165,10.134,10.134,10.142,10.189,10.478,10.781,10.498,9.569,8.517,7.125,5.775,3.943,2.42,1.163,0.277,-0.194,-0.291,-0.306,-0.237,0.067,0.593,1.055,1.497,1.801,2.01,1.982,1.87,1.725,1.56,1.403,1.291,1.219,1.172,1.158,1.147,1.141,1.138,1.139,1.141,1.142,1.147,1.158,1.167,1.175,1.183,1.186,1.192,1.202,1.205,1.208,1.209,1.221,1.227,1.232,1.236,1.244,1.246,1.248,1.248,1.25,1.254,1.256,1.256,1.257,1.26,1.262,1.264,1.266,1.266,1.269,1.272,1.27,1.269,1.269,1.273,1.277,1.277,1.288,1.299,1.302,1.304,1.308,1.311,1.316,1.316,1.317,1.318,1.321,1.325,1.325,1.326,1.33,1.331,1.333,1.341,Cephalexin,-6.318758762624412
0.189,0.189,0.187,0.187,0.187,0.187,0.189,0.19,0.189,0.185,0.182,0.182,0.182,0.182,0.182,0.183,0.182,0.181,0.181,0.182,0.182,0.182,0.182,0.182,0.182,0.182,0.181,0.18,0.179,0.178,0.177,0.175,0.173,0.17,0.168,0.166,0.164,0.162,0.162,0.162,0.163,0.165,0.166,0.161,0.154,0.151,0.149,0.147,0.146,0.144,0.142,0.141,0.141,0.143,0.146,0.148,0.149,0.148,0.148,0.149,0.157,0.166,0.189,0.23,0.305,0.4,0.52,0.636,0.702,0.564,0.341,0.102,-0.1,-0.254,-0.316,-0.316,-0.316,-0.273,-0.091,0.231,0.684,1.25,1.918,2.656,3.277,3.551,3.627,3.586,3.577,3.564,3.561,3.561,3.563,3.6,3.656,3.73,3.746,3.453,2.983,2.25,1.557,0.93,0.42,0.042,-0.2,-0.299,-0.303,-0.303,-0.284,-0.168,0.02,0.249,0.487,0.667,0.661,0.562,0.44,0.334,0.252,0.199,0.173,0.158,0.15,0.146,0.141,0.135,0.134,0.134,0.134,0.134,0.135,0.137,0.14,0.141,0.143,0.144,0.145,0.15,0.154,0.154,0.156,0.158,0.159,0.163,0.166,0.169,0.17,0.17,0.171,0.173,0.174,0.175,0.178,0.177,0.176,0.176,0.178,0.179,0.178,0.177,0.176,0.174,0.174,0.174,0.175,0.177,0.177,0.18,0.181,0.182,0.185,0.188,0.19,0.19,0.19,0.19,0.193,0.193,0.188,0.188,0.188,0.188,0.188,0.191,0.194,Salicylic_Acid,-5.0
0.238,0.232,0.231,0.229,0.229,0.229,0.224,0.223,0.223,0.225,0.22,0.218,0.219,0.216,0.216,0.214,0.215,0.214,0.217,0.221,0.221,0.221,0.222,0.223,0.223,0.22,0.218,0.214,0.214,0.209,0.208,0.2,0.198,0.192,0.187,0.185,0.182,0.177,0.174,0.174,0.17,0.161,0.158,0.156,0.156,0.148,0.141,0.137,0.13,0.127,0.125,0.126,0.127,0.123,0.123,0.123,0.129,0.134,0.134,0.142,0.161,0.189,0.251,0.37,0.562,0.854,1.243,1.644,1.581,1.284,0.907,0.507,0.106,-0.167,-0.211,-0.217,-0.192,0.084,0.554,1.402,2.328,3.493,4.801,6.166,6.795,7.274,7.62,7.834,8.074,8.031,8.022,8.022,8.035,8.154,8.087,7.889,7.642,7.229,6.715,5.442,4.076,2.787,1.71,0.835,0.225,-0.111,-0.209,-0.225,-0.192,-0.032,0.352,0.748,1.119,1.456,1.636,1.403,0.978,0.651,0.425,0.28,0.201,0.158,0.134,0.124,0.114,0.106,0.097,0.097,0.097,0.098,0.107,0.111,0.116,0.121,0.127,0.131,0.137,0.143,0.144,0.146,0.156,0.161,0.165,0.174,0.177,0.18,0.184,0.19,0.193,0.195,0.194,0.194,0.196,0.2,0.201,0.2,0.202,0.204,0.203,0.204,0.201,0.2,0.201,0.204,0.204,0.209,0.213,0.217,0.224,0.227,0.228,0.233,0.233,0.238,0.239,0.24,0.24,0.24,0.243,0.24,0.24,0.239,0.239,0.245,0.258,Olsalazine,-7.318758762624412
0.435,0.427,0.423,0.422,0.421,0.421,0.421,0.424,0.425,0.427,0.428,0.428,0.428,0.428,0.427,0.427,0.427,0.428,0.431,0.433,0.437,0.44,0.441,0.443,0.445,0.443,0.442,0.441,0.44,0.438,0.438,0.437,0.436,0.434,0.432,0.428,0.426,0.424,0.422,0.418,0.418,0.418,0.417,0.415,0.414,0.411,0.407,0.402,0.398,0.396,0.392,0.387,0.382,0.38,0.378,0.378,0.378,0.379,0.383,0.39,0.405,0.439,0.493,0.574,0.681,0.811,0.955,1.084,1.063,0.862,0.572,0.232,-0.113,-0.364,-0.521,-0.566,-0.566,-0.558,-0.433,-0.173,0.22,0.721,1.285,1.811,2.205,2.369,2.219,2.141,2.102,2.089,2.085,2.084,2.086,2.121,2.181,2.276,2.389,2.375,1.996,1.511,0.918,0.375,-0.06,-0.369,-0.539,-0.581,-0.581,-0.561,-0.475,-0.237,0.084,0.434,0.745,0.982,1.115,0.992,0.866,0.726,0.6,0.503,0.436,0.394,0.375,0.366,0.36,0.358,0.355,0.355,0.355,0.356,0.359,0.366,0.371,0.376,0.379,0.384,0.385,0.386,0.388,0.389,0.392,0.396,0.401,0.402,0.403,0.404,0.405,0.407,0.408,0.41,0.41,0.411,0.411,0.411,0.411,0.412,0.412,0.413,0.413,0.414,0.413,0.412,0.412,0.414,0.414,0.417,0.418,0.424,0.427,0.431,0.433,0.435,0.436,0.436,0.437,0.438,0.439,0.441,0.441,0.444,0.444,0.444,0.444,0.445,0.452,Acetylsalicylic_Acid,-5.130768280269024
1.173,1.158,1.155,1.155,1.155,1.156,1.157,1.16,1.162,1.163,1.165,1.167,1.169,1.172,1.172,1.173,1.173,1.173,1.175,1.175,1.175,1.177,1.179,1.18,1.179,1.178,1.176,1.174,1.173,1.17,1.17,1.169,1.167,1.165,1.161,1.157,1.149,1.148,1.144,1.143,1.142,1.141,1.136,1.131,1.127,1.121,1.115,1.111,1.101,1.097,1.091,1.078,1.071,1.07,1.063,1.062,1.062,1.061,1.058,1.062,1.073,1.105,1.158,1.246,1.376,1.252,1.101,0.962,0.829,0.606,0.39,0.008,-0.343,-0.533,-0.639,-0.646,-0.638,-0.418,0.072,0.723,1.645,2.575,3.453,4.03,5.09,5.846,6.503,7.128,7.412,7.568,7.566,7.566,7.573,7.548,7.393,6.834,6.166,5.507,4.502,3.93,3.021,2.073,1.128,0.341,-0.241,-0.566,-0.632,-0.621,-0.594,-0.434,-0.109,0.223,0.531,0.708,0.894,1.022,1.166,1.296,1.237,1.152,1.093,1.06,1.043,1.035,1.029,1.027,1.026,1.027,1.03,1.035,1.042,1.046,1.053,1.061,1.07,1.081,1.086,1.088,1.089,1.093,1.096,1.098,1.105,1.114,1.117,1.122,1.124,1.124,1.131,1.133,1.137,1.137,1.138,1.138,1.138,1.141,1.144,1.142,1.143,1.142,1.14,1.138,1.138,1.139,1.139,1.141,1.141,1.145,1.148,1.154,1.159,1.163,1.164,1.168,1.171,1.175,1.176,1.175,1.177,1.177,1.176,1.177,1.177,1.181,1.189,Terbutaline,-6.0
1.907,1.886,1.884,1.884,1.883,1.884,1.886,1.89,1.889,1.89,1.894,1.897,1.899,1.899,1.897,1.897,1.897,1.899,1.904,1.912,1.918,1.922,1.922,1.924,1.926,1.929,1.929,1.925,1.922,1.919,1.917,1.911,1.903,1.899,1.893,1.888,1.884,1.881,1.88,1.879,1.875,1.872,1.869,1.865,1.859,1.849,1.845,1.835,1.829,1.824,1.816,1.806,1.796,1.789,1.788,1.787,1.787,1.787,1.79,1.801,1.824,1.879,1.975,1.884,1.851,1.824,1.805,1.732,1.525,1.259,0.892,0.161,-0.58,-1.059,-1.22,-1.297,-1.311,-1.127,-0.656,0.019,0.937,1.843,2.358,2.881,3.481,4.06,4.585,5.19,5.825,5.967,5.965,5.965,5.977,6.06,5.497,4.91,4.358,3.807,3.185,2.668,2.143,1.203,0.279,-0.525,-1.045,-1.307,-1.319,-1.343,-1.198,-0.838,-0.168,0.625,1.011,1.416,1.634,1.758,1.786,1.825,1.853,1.897,1.882,1.811,1.782,1.774,1.768,1.764,1.76,1.759,1.758,1.761,1.772,1.78,1.787,1.792,1.801,1.806,1.81,1.82,1.823,1.823,1.829,1.835,1.839,1.846,1.85,1.851,1.855,1.859,1.863,1.865,1.866,1.865,1.867,1.87,1.871,1.872,1.874,1.874,1.875,1.873,1.874,1.872,1.872,1.875,1.875,1.875,1.881,1.887,1.892,1.896,1.9,1.903,1.908,1.911,1.916,1.92,1.923,1.925,1.926,1.926,1.93,1.931,1.932,1.932,1.946,Acebutolol,-5.769551078621726
1.265,1.255,1.253,1.252,1.251,1.251,1.253,1.257,1.259,1.261,1.263,1.264,1.266,1.266,1.265,1.265,1.265,1.267,1.269,1.272,1.277,1.281,1.282,1.285,1.286,1.286,1.286,1.283,1.282,1.279,1.277,1.275,1.274,1.27,1.267,1.263,1.261,1.259,1.259,1.258,1.257,1.255,1.255,1.253,1.25,1.245,1.243,1.238,1.232,1.228,1.224,1.221,1.215,1.212,1.21,1.209,1.207,1.207,1.209,1.216,1.234,1.268,1.333,1.421,1.543,1.578,1.478,1.332,1.13,0.885,0.566,0.063,-0.464,-0.892,-1.19,-1.337,-1.402,-1.397,-1.397,-1.327,-1.158,-0.889,-0.61,-0.311,-0.007,0.313,0.669,0.827,0.782,0.765,0.76,0.76,0.763,0.789,0.854,0.841,0.49,0.14,-0.184,-0.497,-0.793,-1.035,-1.286,-1.374,-1.398,-1.398,-1.371,-1.259,-1.021,-0.639,-0.129,0.435,0.773,1.031,1.258,1.425,1.536,1.584,1.456,1.345,1.267,1.226,1.205,1.192,1.188,1.185,1.183,1.183,1.183,1.185,1.189,1.194,1.199,1.202,1.205,1.211,1.213,1.217,1.22,1.22,1.221,1.227,1.229,1.231,1.234,1.236,1.239,1.239,1.239,1.24,1.242,1.243,1.244,1.245,1.246,1.248,1.248,1.249,1.247,1.247,1.245,1.242,1.241,1.241,1.242,1.242,1.245,1.248,1.251,1.254,1.257,1.261,1.265,1.266,1.269,1.272,1.272,1.275,1.276,1.277,1.277,1.279,1.278,1.279,1.284,Ketoprofen,-4.698970004336019
1.342,1.319,1.316,1.31,1.31,1.311,1.314,1.32,1.321,1.324,1.324,1.325,1.326,1.328,1.325,1.323,1.324,1.327,1.333,1.337,1.342,1.348,1.355,1.355,1.359,1.358,1.357,1.353,1.349,1.348,1.343,1.336,1.332,1.326,1.32,1.313,1.306,1.305,1.302,1.3,1.298,1.295,1.29,1.288,1.282,1.276,1.269,1.26,1.25,1.239,1.229,1.219,1.209,1.199,1.192,1.192,1.194,1.201,1.208,1.228,1.263,1.321,1.419,1.582,1.819,1.907,1.958,2.045,1.872,1.553,1.196,0.715,0.317,-0.182,-0.166,-0.266,-0.095,0.252,1.25,2.276,4.177,5.837,7.411,8.663,9.51,10.344,10.49,10.574,10.691,10.884,11.223,11.351,11.111,10.902,10.902,10.849,10.849,10.137,9.24,8.002,6.487,4.788,3.014,1.349,0.347,-0.023,-0.278,-0.313,-0.14,-0.045,0.483,0.967,1.411,1.74,2.022,1.98,1.908,1.874,1.602,1.447,1.334,1.262,1.205,1.181,1.172,1.166,1.163,1.161,1.161,1.164,1.175,1.186,1.194,1.201,1.212,1.214,1.221,1.227,1.234,1.236,1.242,1.25,1.26,1.265,1.27,1.274,1.28,1.281,1.285,1.286,1.287,1.29,1.293,1.293,1.295,1.296,1.298,1.301,1.301,1.303,1.303,1.304,1.306,1.309,1.311,1.311,1.318,1.325,1.332,1.336,1.337,1.342,1.348,1.351,1.355,1.355,1.354,1.358,1.362,1.365,1.365,1.369,1.369,1.371,1.384,Amoxicillin,-6.619788758288394
1.219,1.205,1.202,1.201,1.2,1.2,1.201,1.204,1.204,1.204,1.207,1.209,1.211,1.212,1.21,1.21,1.21,1.212,1.215,1.22,1.227,1.229,1.23,1.231,1.232,1.235,1.234,1.232,1.229,1.227,1.223,1.22,1.217,1.211,1.206,1.201,1.199,1.197,1.194,1.193,1.193,1.19,1.189,1.187,1.182,1.178,1.169,1.166,1.161,1.154,1.146,1.137,1.133,1.126,1.123,1.123,1.123,1.123,1.125,1.135,1.157,1.195,1.266,1.302,1.215,1.122,1.033,0.909,0.718,0.567,0.467,0.099,-0.305,-0.549,-0.721,-0.707,-0.657,-0.488,-0.048,0.673,1.646,2.355,2.815,3.282,3.804,4.377,4.775,5.03,5.222,5.304,5.297,5.297,5.306,5.355,5.238,5.065,4.787,4.282,3.665,3.089,2.581,2.052,0.959,0.147,-0.398,-0.649,-0.741,-0.736,-0.665,-0.456,-0.067,0.398,0.517,0.633,0.835,0.977,1.069,1.164,1.248,1.275,1.193,1.143,1.124,1.116,1.111,1.105,1.102,1.102,1.102,1.105,1.113,1.119,1.123,1.129,1.135,1.141,1.145,1.151,1.152,1.153,1.155,1.163,1.164,1.169,1.174,1.179,1.182,1.182,1.184,1.185,1.187,1.187,1.187,1.189,1.191,1.191,1.193,1.194,1.193,1.192,1.192,1.192,1.193,1.193,1.194,1.197,1.199,1.206,1.209,1.209,1.212,1.22,1.223,1.223,1.225,1.228,1.231,1.234,1.234,1.234,1.237,1.237,1.239,1.24,1.248,Sotalol,-5.327902142064283
3.461,3.445,3.441,3.441,3.441,3.442,3.445,3.453,3.461,3.465,3.47,3.472,3.472,3.47,3.467,3.465,3.466,3.467,3.473,3.482,3.489,3.493,3.501,3.506,3.507,3.506,3.506,3.502,3.498,3.494,3.49,3.484,3.478,3.47,3.464,3.458,3.456,3.456,3.457,3.457,3.457,3.455,3.453,3.448,3.445,3.44,3.435,3.429,3.421,3.413,3.404,3.393,3.384,3.38,3.376,3.372,3.37,3.37,3.372,3.383,3.412,3.479,3.602,3.784,4.041,4.363,4.089,3.63,3.02,2.28,1.248,0.045,-1.117,-2.102,-2.845,-3.366,-3.625,-3.702,-3.702,-3.686,-3.518,-3.231,-3.057,-3.017,-2.969,-2.912,-2.871,-3.025,-3.148,-3.203,-3.215,-3.215,-3.212,-3.167,-3.055,-2.876,-2.888,-2.939,-2.987,-3.022,-3.128,-3.442,-3.646,-3.703,-3.703,-3.668,-3.476,-3.054,-2.395,-1.498,-0.376,0.791,1.925,2.738,3.386,3.909,4.253,4.15,3.858,3.649,3.507,3.423,3.384,3.364,3.355,3.349,3.347,3.347,3.349,3.352,3.359,3.369,3.377,3.387,3.394,3.399,3.403,3.406,3.406,3.406,3.407,3.413,3.422,3.429,3.432,3.436,3.435,3.434,3.433,3.432,3.432,3.431,3.435,3.437,3.441,3.442,3.445,3.445,3.443,3.44,3.435,3.43,3.426,3.424,3.423,3.423,3.425,3.428,3.432,3.439,3.443,3.452,3.458,3.459,3.466,3.475,3.478,3.483,3.483,3.484,3.484,3.485,3.485,3.486,3.495,Progesterone,-3.795880017344075
0.217,0.2,0.193,0.191,0.19,0.19,0.191,0.191,0.19,0.192,0.193,0.191,0.191,0.19,0.188,0.188,0.188,0.191,0.194,0.199,0.204,0.208,0.211,0.214,0.216,0.216,0.212,0.21,0.206,0.204,0.201,0.198,0.195,0.187,0.182,0.176,0.171,0.167,0.163,0.16,0.156,0.153,0.149,0.144,0.139,0.133,0.129,0.12,0.112,0.102,0.094,0.083,0.079,0.068,0.068,0.068,0.07,0.077,0.088,0.105,0.141,0.217,0.329,0.507,0.76,1.115,1.489,1.644,1.689,1.657,1.484,1.194,0.924,0.845,0.845,0.876,1.144,1.714,2.679,3.83,5.195,6.657,7.53,8.527,9.602,10.314,10.817,11.347,11.728,11.995,11.968,11.968,11.991,12.031,11.584,11.155,10.622,10.038,8.973,7.955,6.964,5.563,4.107,2.967,1.885,1.169,0.833,0.74,0.735,0.779,0.987,1.34,1.628,1.653,1.653,1.513,1.267,0.88,0.583,0.38,0.231,0.14,0.091,0.071,0.064,0.06,0.054,0.052,0.052,0.057,0.063,0.07,0.076,0.087,0.095,0.1,0.108,0.113,0.118,0.123,0.129,0.13,0.138,0.146,0.15,0.152,0.156,0.158,0.159,0.162,0.163,0.166,0.167,0.169,0.169,0.17,0.171,0.174,0.178,0.179,0.182,0.183,0.19,0.192,0.197,0.204,0.21,0.211,0.217,0.221,0.228,0.231,0.231,0.231,0.233,0.232,0.234,0.234,0.234,0.234,0.234,0.241,0.241,0.243,0.252,Furosemide,-6.2076083105017466
1.219,1.205,1.202,1.2,1.2,1.2,1.2,1.203,1.203,1.204,1.204,1.205,1.203,1.203,1.205,1.206,1.205,1.205,1.207,1.21,1.213,1.217,1.218,1.22,1.22,1.222,1.221,1.219,1.214,1.21,1.206,1.2,1.197,1.19,1.181,1.175,1.171,1.168,1.165,1.158,1.154,1.15,1.145,1.142,1.136,1.131,1.122,1.115,1.109,1.096,1.086,1.078,1.066,1.06,1.051,1.048,1.048,1.049,1.056,1.071,1.09,1.131,1.216,1.335,1.388,1.388,1.416,1.483,1.516,1.425,1.165,0.659,0.223,0.02,-0.015,-0.025,0.04,0.313,0.895,1.77,2.826,3.963,5.18,6.367,7.023,7.686,8.13,8.671,8.698,8.601,8.589,8.589,8.595,8.699,8.821,8.467,8.067,7.496,6.709,5.544,4.282,3.091,2.011,1.046,0.363,-0.021,-0.113,-0.113,-0.098,0.053,0.439,0.955,1.326,1.472,1.505,1.425,1.388,1.38,1.361,1.241,1.149,1.09,1.068,1.061,1.055,1.054,1.052,1.052,1.055,1.063,1.071,1.079,1.087,1.096,1.102,1.11,1.116,1.124,1.132,1.135,1.137,1.144,1.146,1.151,1.158,1.16,1.163,1.17,1.17,1.173,1.174,1.177,1.178,1.181,1.184,1.186,1.188,1.189,1.191,1.193,1.195,1.197,1.199,1.201,1.203,1.206,1.209,1.214,1.217,1.222,1.225,1.226,1.229,1.231,1.233,1.233,1.236,1.239,1.24,1.239,1.24,1.243,1.244,1.246,1.252,Sumatriptan,-5.721246399047171
1.216,1.206,1.203,1.202,1.202,1.203,1.204,1.207,1.211,1.214,1.215,1.217,1.217,1.216,1.215,1.215,1.215,1.216,1.218,1.22,1.227,1.231,1.233,1.235,1.237,1.237,1.234,1.232,1.229,1.228,1.226,1.225,1.222,1.218,1.214,1.212,1.207,1.207,1.205,1.205,1.205,1.205,1.203,1.201,1.2,1.197,1.193,1.189,1.184,1.179,1.173,1.166,1.161,1.157,1.156,1.153,1.153,1.153,1.154,1.162,1.181,1.194,1.209,1.253,1.33,1.446,1.499,1.225,0.842,0.443,0.096,-0.168,-0.54,-0.887,-1.106,-1.175,-1.176,-1.176,-1.051,-0.737,-0.253,0.366,1.069,1.818,2.546,2.742,2.634,2.544,2.488,2.475,2.468,2.468,2.469,2.5,2.571,2.654,2.765,2.832,2.132,1.357,0.616,-0.059,-0.585,-0.964,-1.157,-1.183,-1.183,-1.155,-0.985,-0.686,-0.268,-0.011,0.301,0.686,1.069,1.388,1.485,1.353,1.267,1.213,1.19,1.178,1.153,1.143,1.138,1.135,1.134,1.134,1.134,1.136,1.14,1.145,1.15,1.157,1.162,1.168,1.168,1.168,1.169,1.169,1.171,1.177,1.179,1.185,1.192,1.19,1.19,1.191,1.192,1.194,1.194,1.195,1.195,1.196,1.198,1.199,1.201,1.202,1.2,1.199,1.198,1.195,1.195,1.194,1.194,1.197,1.199,1.202,1.206,1.211,1.214,1.216,1.218,1.218,1.219,1.221,1.227,1.227,1.227,1.228,1.23,1.23,1.23,1.23,1.237,Gabapentin,-6.443697499232713
2.212,2.193,2.186,2.183,2.183,2.184,2.188,2.193,2.2,2.203,2.207,2.207,2.207,2.21,2.208,2.207,2.206,2.211,2.215,2.221,2.225,2.233,2.241,2.243,2.245,2.243,2.241,2.24,2.235,2.228,2.225,2.223,2.216,2.214,2.205,2.196,2.187,2.186,2.185,2.182,2.179,2.177,2.174,2.17,2.164,2.154,2.147,2.14,2.128,2.118,2.104,2.095,2.088,2.081,2.076,2.071,2.071,2.072,2.08,2.099,2.141,2.184,2.258,2.38,2.311,2.227,2.162,1.926,1.706,1.419,1.031,0.328,-0.609,-1.208,-1.564,-1.667,-1.712,-1.638,-1.374,-0.753,0.177,1.354,2.885,4.385,5.753,6.366,6.549,6.687,6.585,6.54,6.51,6.521,6.533,6.59,6.723,6.859,6.658,6.289,4.98,3.422,1.882,0.561,-0.51,-1.252,-1.596,-1.692,-1.707,-1.702,-1.421,-0.898,-0.076,0.809,1.298,1.543,1.859,2.056,2.161,2.229,2.331,2.275,2.189,2.132,2.08,2.055,2.043,2.038,2.035,2.035,2.037,2.039,2.046,2.055,2.065,2.07,2.079,2.091,2.096,2.104,2.109,2.112,2.114,2.124,2.132,2.137,2.14,2.15,2.154,2.155,2.156,2.162,2.164,2.168,2.168,2.169,2.17,2.174,2.174,2.175,2.175,2.176,2.176,2.176,2.173,2.172,2.171,2.177,2.179,2.188,2.197,2.206,2.209,2.214,2.216,2.223,2.227,2.23,2.231,2.236,2.237,2.241,2.242,2.244,2.248,2.251,2.26,Lisinopril,-6.7447274948966935
1.771,1.751,1.743,1.743,1.743,1.744,1.745,1.748,1.75,1.751,1.752,1.755,1.759,1.758,1.756,1.754,1.754,1.755,1.762,1.769,1.775,1.781,1.785,1.788,1.791,1.792,1.791,1.788,1.784,1.782,1.775,1.77,1.765,1.759,1.754,1.748,1.744,1.739,1.735,1.731,1.727,1.724,1.724,1.718,1.713,1.706,1.697,1.691,1.681,1.674,1.663,1.655,1.643,1.632,1.63,1.629,1.631,1.633,1.64,1.654,1.681,1.75,1.866,2.046,1.868,1.81,2.03,1.961,1.907,1.844,1.152,0.435,-0.222,-0.644,-0.864,-0.866,-0.866,-0.733,-0.274,0.488,1.479,2.433,3.418,4.02,4.603,5.432,5.788,6.236,6.336,6.229,6.19,6.19,6.202,6.303,6.464,6.291,5.773,5.017,4.361,3.74,2.746,1.732,0.754,-0.139,-0.671,-0.917,-0.937,-0.945,-0.839,-0.46,0.15,0.859,1.588,1.884,1.931,1.989,1.784,1.903,2.1,1.888,1.754,1.671,1.634,1.619,1.611,1.605,1.6,1.597,1.598,1.603,1.614,1.624,1.632,1.643,1.65,1.657,1.662,1.671,1.672,1.676,1.681,1.692,1.697,1.701,1.704,1.711,1.714,1.715,1.719,1.721,1.72,1.721,1.723,1.725,1.727,1.728,1.729,1.731,1.733,1.732,1.733,1.731,1.731,1.733,1.736,1.739,1.746,1.755,1.76,1.763,1.767,1.771,1.775,1.778,1.779,1.786,1.789,1.79,1.794,1.795,1.797,1.797,1.797,1.801,1.816,Timolol,-4.259637310505756
1.254,1.241,1.239,1.239,1.239,1.239,1.24,1.241,1.242,1.246,1.248,1.25,1.252,1.252,1.251,1.25,1.25,1.251,1.252,1.26,1.262,1.265,1.268,1.268,1.273,1.274,1.27,1.266,1.265,1.262,1.26,1.257,1.255,1.25,1.244,1.237,1.232,1.23,1.229,1.226,1.224,1.223,1.222,1.218,1.214,1.209,1.204,1.198,1.19,1.183,1.177,1.167,1.156,1.151,1.148,1.146,1.147,1.148,1.15,1.161,1.183,1.222,1.281,1.373,1.29,1.231,1.175,1.131,1.075,0.866,0.645,0.255,0.042,-0.072,-0.093,-0.076,0.0,0.327,0.947,1.858,3.025,4.076,5.123,6.115,6.967,7.701,8.448,9.065,9.563,9.768,9.741,9.741,9.741,9.817,9.313,8.628,7.914,7.156,6.394,5.462,4.511,3.439,2.173,1.163,0.444,0.02,-0.12,-0.162,-0.098,0.016,0.245,0.488,0.742,1.028,1.09,1.143,1.199,1.25,1.317,1.305,1.229,1.178,1.154,1.144,1.14,1.138,1.133,1.133,1.133,1.136,1.144,1.151,1.157,1.164,1.171,1.176,1.18,1.184,1.186,1.189,1.192,1.199,1.205,1.21,1.213,1.218,1.219,1.222,1.224,1.224,1.228,1.229,1.23,1.231,1.232,1.233,1.235,1.237,1.237,1.236,1.236,1.236,1.237,1.239,1.245,1.246,1.249,1.257,1.258,1.259,1.265,1.268,1.268,1.268,1.27,1.275,1.276,1.279,1.28,1.281,1.28,1.28,1.281,1.281,1.289,Pindolol,-4.229147988357856
1.036,1.028,1.014,1.013,1.013,1.014,1.016,1.02,1.02,1.023,1.023,1.021,1.021,1.021,1.018,1.018,1.019,1.02,1.025,1.028,1.035,1.043,1.045,1.049,1.052,1.051,1.05,1.045,1.042,1.036,1.033,1.026,1.023,1.017,1.008,1.001,0.997,0.994,0.99,0.985,0.983,0.982,0.979,0.975,0.97,0.964,0.955,0.947,0.938,0.927,0.917,0.907,0.899,0.891,0.883,0.883,0.884,0.89,0.903,0.92,0.955,1.024,1.134,1.287,1.464,1.642,1.799,1.93,2.031,1.567,1.336,0.991,0.477,0.173,0.126,0.126,0.2,0.609,1.412,2.456,4.0,5.796,7.641,9.094,10.058,10.826,11.349,11.058,10.904,10.839,10.822,10.818,10.818,10.883,11.198,11.573,11.358,10.617,9.6,8.16,6.281,4.515,2.865,1.694,0.744,0.204,0.039,0.04,0.056,0.26,0.719,1.169,1.599,1.634,1.963,1.82,1.682,1.507,1.33,1.17,1.039,0.954,0.908,0.89,0.878,0.875,0.871,0.87,0.87,0.871,0.877,0.888,0.901,0.905,0.914,0.918,0.928,0.933,0.939,0.942,0.946,0.953,0.962,0.965,0.972,0.977,0.982,0.982,0.982,0.983,0.991,0.99,0.99,0.992,0.992,0.998,0.997,0.997,0.997,1.002,1.007,1.008,1.009,1.009,1.015,1.019,1.022,1.027,1.037,1.039,1.044,1.047,1.05,1.055,1.055,1.056,1.055,1.06,1.064,1.064,1.067,1.069,1.073,1.074,1.086,Loracarbef,-6.040958607678906
1.496,1.481,1.473,1.471,1.472,1.472,1.473,1.478,1.479,1.48,1.481,1.481,1.484,1.484,1.482,1.481,1.481,1.483,1.488,1.492,1.499,1.507,1.513,1.514,1.515,1.516,1.515,1.513,1.509,1.502,1.497,1.494,1.489,1.48,1.473,1.467,1.466,1.464,1.461,1.459,1.456,1.45,1.449,1.444,1.44,1.429,1.423,1.416,1.407,1.397,1.39,1.381,1.374,1.365,1.36,1.362,1.362,1.364,1.369,1.387,1.425,1.495,1.608,1.77,1.904,1.933,1.925,1.911,1.837,1.482,1.216,0.602,-0.116,-0.6,-0.817,-0.898,-0.898,-0.754,-0.277,0.447,1.519,2.545,3.626,4.719,5.815,6.672,7.374,7.514,7.373,7.32,7.308,7.312,7.312,7.389,7.651,7.844,7.157,6.259,5.252,3.989,2.889,1.793,0.716,-0.078,-0.679,-0.955,-0.955,-0.899,-0.769,-0.38,0.281,1.04,1.334,1.698,1.907,1.92,1.92,1.898,1.84,1.65,1.511,1.424,1.375,1.357,1.347,1.342,1.339,1.339,1.34,1.342,1.349,1.36,1.368,1.373,1.379,1.382,1.39,1.4,1.405,1.408,1.409,1.418,1.422,1.425,1.432,1.438,1.442,1.446,1.446,1.446,1.448,1.45,1.452,1.454,1.455,1.456,1.458,1.458,1.458,1.459,1.462,1.462,1.462,1.464,1.468,1.469,1.474,1.481,1.487,1.493,1.496,1.497,1.503,1.507,1.51,1.511,1.512,1.514,1.516,1.519,1.521,1.522,1.526,1.529,1.538,Penicillin_V,-6.823908740944319
0.963,0.954,0.953,0.952,0.952,0.953,0.954,0.956,0.958,0.958,0.959,0.96,0.96,0.961,0.96,0.958,0.958,0.958,0.96,0.963,0.968,0.969,0.971,0.975,0.975,0.975,0.973,0.973,0.972,0.971,0.967,0.964,0.963,0.958,0.955,0.952,0.949,0.946,0.945,0.943,0.94,0.94,0.939,0.938,0.934,0.93,0.927,0.923,0.916,0.914,0.911,0.903,0.897,0.894,0.893,0.892,0.892,0.894,0.896,0.906,0.92,0.956,1.014,1.107,1.239,1.388,1.503,1.569,1.513,1.299,0.974,0.607,0.282,0.034,-0.095,-0.099,-0.099,-0.039,0.147,0.46,0.908,1.455,2.056,2.647,3.183,3.576,3.666,3.53,3.446,3.404,3.4,3.4,3.402,3.444,3.531,3.698,3.74,3.33,2.802,2.203,1.586,1.011,0.529,0.171,-0.057,-0.158,-0.164,-0.164,-0.076,0.139,0.464,0.829,1.195,1.454,1.569,1.525,1.426,1.286,1.144,1.038,0.967,0.922,0.902,0.896,0.892,0.889,0.886,0.886,0.886,0.887,0.893,0.898,0.904,0.91,0.915,0.916,0.917,0.921,0.923,0.925,0.927,0.931,0.935,0.939,0.939,0.939,0.94,0.941,0.944,0.945,0.946,0.946,0.947,0.947,0.949,0.949,0.95,0.95,0.952,0.953,0.953,0.953,0.953,0.956,0.957,0.958,0.96,0.965,0.97,0.97,0.973,0.974,0.975,0.976,0.976,0.978,0.978,0.979,0.98,0.981,0.98,0.979,0.979,0.98,0.986,Antipyrine,-3.823908740944319
2.132,2.116,2.111,2.108,2.108,2.11,2.114,2.119,2.125,2.127,2.129,2.132,2.138,2.139,2.141,2.139,2.14,2.142,2.147,2.152,2.157,2.162,2.164,2.166,2.165,2.169,2.17,2.166,2.162,2.162,2.155,2.152,2.152,2.152,2.146,2.14,2.135,2.131,2.131,2.129,2.125,2.124,2.123,2.12,2.116,2.113,2.107,2.095,2.088,2.083,2.074,2.063,2.053,2.047,2.042,2.041,2.04,2.04,2.044,2.051,2.077,2.131,2.215,2.259,2.121,1.891,1.839,1.713,1.621,1.437,0.988,0.155,-0.647,-1.189,-1.415,-1.548,-1.523,-1.526,-1.21,-0.503,0.386,1.584,2.424,3.285,4.048,4.82,5.431,6.041,6.607,7.131,7.377,7.377,7.376,6.933,6.346,5.719,5.118,4.469,3.72,2.923,2.227,0.948,-0.125,-0.91,-1.399,-1.492,-1.533,-1.509,-1.287,-0.874,-0.139,0.69,1.353,1.55,1.631,1.758,1.805,1.917,2.153,2.222,2.116,2.052,2.022,2.004,1.997,1.992,1.987,1.987,1.987,1.99,1.996,2.006,2.017,2.024,2.031,2.033,2.038,2.047,2.05,2.051,2.055,2.064,2.072,2.079,2.082,2.084,2.088,2.093,2.095,2.097,2.099,2.099,2.101,2.102,2.105,2.106,2.104,2.105,2.106,2.103,2.102,2.102,2.1,2.098,2.097,2.097,2.102,2.106,2.113,2.12,2.122,2.129,2.133,2.137,2.142,2.145,2.148,2.152,2.153,2.154,2.155,2.156,2.156,2.158,2.166,Nadolol,-5.853871964321762
1.447,1.438,1.436,1.436,1.435,1.435,1.435,1.438,1.441,1.441,1.444,1.447,1.445,1.444,1.443,1.442,1.442,1.443,1.446,1.45,1.454,1.457,1.46,1.465,1.467,1.466,1.465,1.464,1.459,1.456,1.452,1.45,1.444,1.44,1.438,1.434,1.433,1.431,1.43,1.43,1.43,1.428,1.427,1.425,1.422,1.419,1.413,1.407,1.401,1.396,1.393,1.386,1.382,1.378,1.376,1.376,1.376,1.376,1.379,1.382,1.399,1.423,1.478,1.562,1.679,1.649,1.461,1.224,0.949,0.544,0.264,-0.099,-0.545,-0.875,-1.085,-1.19,-1.2,-1.182,-1.098,-0.831,-0.438,-0.134,0.181,0.563,0.961,1.371,1.377,1.23,1.158,1.119,1.1,1.099,1.105,1.13,1.202,1.347,1.404,1.109,0.697,0.296,-0.061,-0.329,-0.732,-0.984,-1.168,-1.235,-1.235,-1.157,-0.991,-0.7,-0.295,0.094,0.488,0.831,1.11,1.367,1.551,1.711,1.584,1.49,1.426,1.395,1.382,1.375,1.371,1.367,1.365,1.365,1.365,1.367,1.372,1.375,1.383,1.389,1.393,1.396,1.398,1.402,1.403,1.403,1.405,1.408,1.412,1.417,1.419,1.422,1.424,1.424,1.425,1.425,1.424,1.425,1.426,1.426,1.428,1.429,1.43,1.431,1.432,1.431,1.429,1.427,1.427,1.426,1.427,1.427,1.43,1.432,1.438,1.441,1.442,1.446,1.447,1.45,1.453,1.455,1.458,1.459,1.461,1.462,1.464,1.464,1.464,1.464,1.471,Bupropion,-3.886056647693163
1.006,0.988,0.987,0.985,0.985,0.985,0.985,0.985,0.986,0.988,0.989,0.989,0.989,0.988,0.985,0.984,0.984,0.984,0.988,0.995,1.003,1.008,1.012,1.015,1.014,1.015,1.014,1.011,1.006,0.999,0.997,0.995,0.989,0.982,0.976,0.97,0.966,0.961,0.961,0.959,0.956,0.952,0.95,0.942,0.937,0.929,0.925,0.921,0.911,0.902,0.893,0.885,0.874,0.867,0.867,0.868,0.868,0.872,0.877,0.896,0.928,0.99,1.109,1.26,1.468,1.747,1.973,1.618,1.188,0.771,0.348,-0.121,-0.559,-0.85,-0.982,-0.982,-0.955,-0.706,-0.223,0.545,1.288,2.076,2.87,3.659,4.52,5.444,6.342,7.048,7.481,7.417,7.389,7.385,7.385,7.462,7.486,6.677,5.756,4.801,3.893,3.06,2.279,1.457,0.774,-0.08,-0.655,-0.951,-1.071,-1.071,-0.957,-0.728,-0.336,0.18,0.58,0.994,1.431,1.825,1.85,1.545,1.314,1.146,1.014,0.93,0.89,0.875,0.869,0.864,0.858,0.856,0.856,0.861,0.872,0.879,0.887,0.898,0.905,0.907,0.914,0.914,0.917,0.921,0.927,0.937,0.94,0.945,0.951,0.954,0.955,0.956,0.955,0.955,0.957,0.961,0.962,0.966,0.967,0.967,0.969,0.971,0.968,0.968,0.974,0.974,0.975,0.977,0.983,0.986,0.994,0.994,1.002,1.008,1.01,1.011,1.011,1.015,1.016,1.021,1.024,1.024,1.024,1.029,1.03,1.032,1.032,1.032,1.051,Trimethoprim,-4.2839966563652006
1.368,1.36,1.36,1.359,1.359,1.359,1.36,1.362,1.362,1.365,1.367,1.369,1.369,1.369,1.37,1.37,1.37,1.37,1.372,1.373,1.376,1.377,1.38,1.381,1.382,1.381,1.377,1.376,1.374,1.373,1.369,1.366,1.363,1.359,1.356,1.354,1.353,1.351,1.348,1.347,1.347,1.343,1.336,1.334,1.33,1.328,1.326,1.322,1.315,1.308,1.302,1.294,1.291,1.288,1.28,1.279,1.277,1.277,1.276,1.279,1.289,1.311,1.35,1.415,1.514,1.573,1.424,1.169,0.823,0.453,0.11,-0.296,-0.623,-0.813,-0.9,-0.925,-0.925,-0.866,-0.656,-0.405,-0.074,0.345,0.745,1.103,1.271,1.188,1.07,0.978,0.921,0.874,0.863,0.863,0.864,0.886,0.951,1.043,1.16,1.261,1.339,1.027,0.566,0.095,-0.312,-0.593,-0.829,-0.942,-0.937,-0.921,-0.859,-0.727,-0.446,-0.057,0.309,0.671,1.041,1.308,1.515,1.544,1.437,1.365,1.316,1.291,1.277,1.275,1.273,1.271,1.27,1.27,1.278,1.283,1.286,1.29,1.295,1.302,1.307,1.317,1.321,1.323,1.323,1.323,1.324,1.327,1.329,1.333,1.337,1.341,1.342,1.342,1.343,1.344,1.345,1.346,1.347,1.348,1.348,1.35,1.353,1.353,1.353,1.353,1.35,1.349,1.348,1.348,1.35,1.35,1.35,1.352,1.354,1.355,1.358,1.361,1.364,1.366,1.369,1.372,1.374,1.377,1.378,1.378,1.379,1.378,1.378,1.378,1.384,Bretylium_Tosylate,-5.853871964321762
0.459,0.453,0.45,0.45,0.45,0.45,0.45,0.452,0.453,0.455,0.455,0.455,0.456,0.456,0.456,0.456,0.456,0.457,0.459,0.46,0.462,0.464,0.467,0.469,0.468,0.468,0.468,0.467,0.464,0.461,0.461,0.459,0.459,0.459,0.456,0.452,0.451,0.45,0.45,0.448,0.448,0.447,0.446,0.444,0.444,0.442,0.438,0.434,0.432,0.428,0.424,0.42,0.416,0.412,0.411,0.41,0.41,0.412,0.415,0.42,0.435,0.458,0.508,0.591,0.705,0.853,1.014,1.018,0.899,0.74,0.568,0.284,0.078,-0.037,-0.097,-0.097,-0.047,0.161,0.511,0.986,1.589,2.268,2.828,3.28,3.729,4.084,4.376,4.611,4.819,4.876,4.866,4.866,4.875,4.994,4.837,4.616,4.343,4.0,3.582,3.087,2.5,1.841,1.188,0.658,0.273,-0.001,-0.104,-0.104,-0.079,0.012,0.18,0.456,0.643,0.819,0.963,1.043,0.903,0.74,0.615,0.523,0.465,0.428,0.41,0.402,0.399,0.397,0.394,0.394,0.394,0.396,0.399,0.405,0.406,0.41,0.412,0.416,0.42,0.421,0.421,0.421,0.423,0.428,0.431,0.432,0.435,0.439,0.439,0.439,0.439,0.442,0.442,0.442,0.443,0.443,0.444,0.444,0.444,0.445,0.445,0.445,0.446,0.446,0.446,0.447,0.447,0.448,0.449,0.454,0.455,0.457,0.457,0.461,0.463,0.463,0.464,0.465,0.466,0.466,0.466,0.468,0.468,0.469,0.469,0.47,0.474,Acetaminophen,-4.455931955649724
1.406,1.393,1.391,1.391,1.39,1.39,1.392,1.393,1.393,1.394,1.399,1.4,1.403,1.402,1.402,1.4,1.401,1.403,1.406,1.412,1.417,1.421,1.422,1.423,1.425,1.428,1.426,1.422,1.42,1.419,1.415,1.41,1.407,1.403,1.396,1.392,1.388,1.387,1.386,1.385,1.383,1.38,1.378,1.376,1.372,1.365,1.36,1.352,1.345,1.34,1.335,1.326,1.319,1.314,1.31,1.31,1.311,1.312,1.314,1.318,1.341,1.373,1.441,1.428,1.336,1.273,1.19,1.037,0.896,0.696,0.539,0.129,-0.375,-0.692,-0.758,-0.758,-0.764,-0.602,-0.124,0.57,1.494,2.424,2.887,3.276,3.797,4.369,4.989,5.963,6.108,6.197,6.163,6.163,6.167,6.252,5.968,5.339,4.703,4.112,3.593,3.089,2.675,1.838,0.843,0.045,-0.493,-0.738,-0.789,-0.799,-0.739,-0.533,-0.099,0.438,0.565,0.78,0.971,1.117,1.23,1.302,1.377,1.455,1.371,1.325,1.306,1.301,1.296,1.293,1.288,1.287,1.287,1.292,1.299,1.304,1.311,1.316,1.322,1.327,1.332,1.337,1.341,1.34,1.345,1.349,1.353,1.36,1.362,1.366,1.369,1.372,1.374,1.375,1.375,1.376,1.377,1.378,1.38,1.381,1.383,1.384,1.383,1.382,1.382,1.383,1.382,1.382,1.384,1.385,1.388,1.395,1.397,1.399,1.402,1.407,1.408,1.414,1.415,1.421,1.422,1.424,1.426,1.426,1.426,1.429,1.43,1.43,1.439,Practolol,-5.886056647693163
0.718,0.711,0.709,0.709,0.71,0.71,0.711,0.712,0.713,0.713,0.712,0.713,0.712,0.712,0.712,0.711,0.711,0.711,0.714,0.715,0.721,0.723,0.728,0.728,0.729,0.728,0.726,0.726,0.724,0.72,0.718,0.713,0.711,0.709,0.701,0.698,0.696,0.694,0.694,0.692,0.692,0.691,0.69,0.688,0.687,0.681,0.679,0.674,0.669,0.664,0.659,0.653,0.649,0.642,0.639,0.639,0.639,0.643,0.647,0.657,0.671,0.699,0.758,0.859,0.997,1.167,1.171,1.115,1.016,0.859,0.611,0.336,0.12,0.024,0.024,0.043,0.105,0.344,0.793,1.445,2.27,3.216,4.232,5.217,6.024,6.53,6.864,6.753,6.604,6.539,6.537,6.537,6.538,6.669,6.878,7.098,6.895,6.374,5.55,4.552,3.508,2.514,1.639,0.927,0.406,0.097,-0.009,-0.009,-0.03,0.031,0.233,0.509,0.787,0.975,1.09,1.16,1.181,1.054,0.901,0.789,0.718,0.676,0.654,0.649,0.647,0.645,0.642,0.642,0.642,0.644,0.65,0.654,0.659,0.661,0.665,0.669,0.671,0.673,0.675,0.677,0.679,0.684,0.689,0.691,0.693,0.694,0.697,0.698,0.698,0.699,0.699,0.701,0.701,0.701,0.703,0.704,0.705,0.705,0.706,0.706,0.709,0.71,0.711,0.712,0.712,0.714,0.716,0.721,0.727,0.727,0.727,0.727,0.73,0.732,0.728,0.728,0.73,0.731,0.735,0.735,0.737,0.737,0.738,0.738,0.741,Propylthiouracil,-4.3872161432802645
1.209,1.177,1.168,1.161,1.16,1.16,1.164,1.166,1.171,1.173,1.169,1.169,1.17,1.173,1.171,1.172,1.171,1.175,1.182,1.184,1.19,1.2,1.204,1.208,1.209,1.209,1.204,1.205,1.202,1.196,1.187,1.179,1.17,1.164,1.159,1.148,1.139,1.135,1.131,1.127,1.121,1.115,1.107,1.1,1.093,1.086,1.08,1.066,1.056,1.044,1.033,1.019,1.007,0.998,0.987,0.987,0.99,1.0,1.011,1.04,1.094,1.172,1.315,1.546,1.726,1.755,1.8,1.904,2.109,2.305,2.082,1.513,1.013,0.742,0.771,0.771,1.037,1.684,2.906,4.731,7.024,9.664,10.983,12.247,13.479,14.651,15.455,16.008,16.689,17.109,17.25,17.437,17.396,17.033,16.453,15.911,15.325,14.151,12.85,11.633,10.505,7.825,5.352,3.338,1.923,1.062,0.682,0.633,0.665,0.792,1.22,1.79,2.154,2.189,1.976,1.825,1.772,1.715,1.618,1.358,1.171,1.092,1.026,0.989,0.973,0.965,0.96,0.96,0.962,0.967,0.979,0.988,0.999,1.007,1.013,1.029,1.038,1.047,1.053,1.059,1.07,1.079,1.089,1.097,1.103,1.104,1.114,1.115,1.122,1.125,1.126,1.129,1.134,1.135,1.136,1.136,1.141,1.144,1.148,1.152,1.152,1.154,1.159,1.163,1.167,1.172,1.179,1.191,1.199,1.201,1.206,1.212,1.215,1.219,1.222,1.223,1.224,1.227,1.231,1.229,1.236,1.238,1.242,1.246,1.26,Cefatrizine,-5.6020599913279625
2.456,2.44,2.437,2.437,2.437,2.438,2.441,2.447,2.449,2.454,2.457,2.458,2.458,2.459,2.458,2.457,2.457,2.459,2.465,2.47,2.475,2.481,2.484,2.486,2.492,2.491,2.488,2.486,2.482,2.48,2.473,2.468,2.461,2.459,2.455,2.448,2.442,2.441,2.44,2.437,2.436,2.435,2.434,2.43,2.423,2.418,2.411,2.403,2.395,2.387,2.38,2.37,2.36,2.355,2.35,2.348,2.349,2.35,2.353,2.364,2.394,2.463,2.561,2.572,2.421,2.242,1.925,1.379,0.807,0.326,-0.106,-0.424,-0.704,-1.067,-1.431,-1.539,-1.56,-1.525,-1.391,-0.985,-0.435,0.264,1.095,1.986,2.558,2.942,3.262,3.143,3.079,3.026,2.991,2.991,2.994,3.031,3.145,3.23,3.203,2.826,2.29,1.399,0.521,-0.254,-0.832,-1.316,-1.542,-1.584,-1.563,-1.52,-1.272,-0.794,-0.554,-0.263,0.152,0.596,1.138,1.72,2.139,2.338,2.494,2.594,2.478,2.397,2.353,2.335,2.328,2.324,2.32,2.319,2.319,2.323,2.332,2.342,2.35,2.356,2.365,2.369,2.372,2.375,2.382,2.384,2.388,2.395,2.402,2.408,2.412,2.415,2.416,2.418,2.421,2.421,2.421,2.425,2.425,2.429,2.431,2.433,2.433,2.435,2.435,2.434,2.432,2.43,2.429,2.428,2.428,2.429,2.434,2.441,2.445,2.45,2.457,2.461,2.464,2.468,2.47,2.474,2.477,2.483,2.483,2.482,2.484,2.485,2.486,2.487,2.495,Acrivastine,-5.657577319177793
1.904,1.89,1.887,1.887,1.887,1.888,1.889,1.894,1.896,1.898,1.9,1.902,1.905,1.905,1.903,1.903,1.903,1.904,1.908,1.915,1.92,1.923,1.925,1.927,1.929,1.929,1.93,1.926,1.925,1.923,1.919,1.915,1.911,1.908,1.902,1.898,1.894,1.893,1.892,1.892,1.89,1.888,1.882,1.882,1.879,1.874,1.866,1.858,1.853,1.848,1.841,1.835,1.828,1.821,1.82,1.819,1.817,1.818,1.818,1.822,1.841,1.877,1.952,1.926,1.836,1.762,1.653,1.454,1.203,0.932,0.591,-0.087,-0.748,-1.254,-1.517,-1.619,-1.69,-1.656,-1.531,-1.251,-0.941,-0.777,-0.498,-0.081,0.473,1.139,1.839,2.542,2.987,3.049,3.039,3.038,3.041,3.086,2.803,2.121,1.407,0.734,0.132,-0.343,-0.679,-0.888,-1.138,-1.512,-1.605,-1.668,-1.68,-1.574,-1.361,-0.985,-0.357,0.388,0.819,1.108,1.339,1.547,1.703,1.791,1.873,1.963,1.877,1.831,1.807,1.803,1.798,1.794,1.79,1.79,1.79,1.792,1.8,1.808,1.814,1.819,1.823,1.829,1.833,1.838,1.842,1.843,1.846,1.852,1.855,1.861,1.861,1.864,1.867,1.87,1.872,1.875,1.875,1.875,1.876,1.878,1.88,1.881,1.88,1.88,1.881,1.881,1.881,1.878,1.878,1.878,1.877,1.877,1.881,1.884,1.889,1.892,1.896,1.902,1.906,1.908,1.912,1.915,1.919,1.92,1.921,1.923,1.924,1.924,1.925,1.925,1.935,Metoprolol,-3.823908740944319
1.662,1.648,1.644,1.644,1.644,1.645,1.645,1.643,1.644,1.647,1.65,1.653,1.656,1.659,1.658,1.657,1.659,1.659,1.661,1.666,1.667,1.669,1.671,1.67,1.67,1.669,1.668,1.668,1.664,1.661,1.658,1.655,1.649,1.645,1.638,1.633,1.628,1.623,1.621,1.62,1.616,1.614,1.607,1.6,1.595,1.587,1.583,1.578,1.571,1.56,1.55,1.537,1.532,1.529,1.521,1.519,1.518,1.517,1.515,1.523,1.548,1.579,1.664,1.513,1.309,1.028,0.719,0.436,0.215,0.057,-0.047,-0.221,-0.683,-1.014,-1.236,-1.288,-1.257,-1.303,-1.073,-0.673,-0.148,0.6,1.519,2.312,2.931,3.709,4.712,5.385,6.575,6.909,7.467,7.459,7.216,6.427,5.676,4.951,4.112,3.525,2.576,1.949,0.909,0.084,-0.526,-0.945,-1.232,-1.242,-1.306,-1.288,-1.087,-0.829,-0.389,-0.088,0.004,0.142,0.339,0.592,0.891,1.191,1.418,1.573,1.582,1.536,1.517,1.507,1.5,1.497,1.496,1.496,1.501,1.507,1.513,1.52,1.527,1.535,1.544,1.554,1.559,1.566,1.567,1.569,1.575,1.581,1.586,1.593,1.599,1.601,1.603,1.61,1.612,1.615,1.619,1.622,1.623,1.624,1.626,1.63,1.632,1.629,1.625,1.624,1.624,1.626,1.626,1.624,1.626,1.628,1.631,1.636,1.64,1.645,1.648,1.653,1.657,1.661,1.665,1.67,1.67,1.673,1.677,1.677,1.677,1.676,1.676,1.681,1.688,Labetalol,-4.6020599913279625
1.162,1.144,1.135,1.135,1.134,1.134,1.135,1.138,1.142,1.143,1.145,1.147,1.151,1.153,1.153,1.154,1.155,1.159,1.16,1.164,1.169,1.173,1.179,1.181,1.182,1.182,1.18,1.178,1.172,1.171,1.169,1.169,1.172,1.168,1.161,1.154,1.147,1.143,1.138,1.136,1.133,1.128,1.127,1.123,1.12,1.114,1.105,1.099,1.09,1.082,1.071,1.059,1.049,1.039,1.036,1.034,1.034,1.035,1.047,1.061,1.099,1.175,1.303,1.511,1.77,1.926,2.051,2.126,2.138,1.959,1.384,0.818,0.338,-0.014,-0.11,-0.11,-0.006,0.352,1.058,2.107,3.49,5.042,6.504,7.739,8.851,9.875,10.855,11.794,12.335,12.639,12.635,12.647,12.672,12.773,12.301,11.674,10.597,9.573,8.438,7.201,5.652,4.049,2.567,1.379,0.547,0.041,-0.132,-0.134,-0.125,0.153,0.617,1.183,1.757,2.039,2.114,2.051,1.93,1.795,1.569,1.327,1.174,1.079,1.03,1.007,0.998,0.994,0.988,0.988,0.988,0.99,0.999,1.01,1.02,1.024,1.032,1.041,1.05,1.055,1.059,1.064,1.069,1.077,1.083,1.087,1.092,1.098,1.102,1.107,1.112,1.115,1.116,1.116,1.119,1.119,1.119,1.122,1.123,1.124,1.125,1.126,1.128,1.129,1.128,1.128,1.13,1.136,1.142,1.149,1.155,1.158,1.162,1.169,1.171,1.174,1.174,1.176,1.18,1.182,1.184,1.184,1.185,1.187,1.187,1.188,1.199,Netivudine,-5.853871964321762
-0.086,-0.101,-0.108,-0.11,-0.111,-0.111,-0.11,-0.11,-0.112,-0.114,-0.114,-0.116,-0.119,-0.119,-0.122,-0.122,-0.122,-0.119,-0.116,-0.111,-0.105,-0.103,-0.097,-0.096,-0.096,-0.096,-0.097,-0.099,-0.104,-0.107,-0.11,-0.114,-0.119,-0.122,-0.127,-0.13,-0.134,-0.139,-0.139,-0.142,-0.146,-0.149,-0.151,-0.153,-0.158,-0.163,-0.167,-0.173,-0.178,-0.187,-0.193,-0.201,-0.205,-0.21,-0.21,-0.21,-0.209,-0.203,-0.193,-0.178,-0.144,-0.087,0.017,0.182,0.421,0.728,1.046,1.352,1.305,1.24,1.132,0.67,0.393,0.346,0.299,0.299,0.45,0.851,1.541,2.482,3.554,4.691,5.586,6.312,6.871,7.387,7.747,7.807,7.616,7.486,7.46,7.46,7.483,7.659,7.888,7.963,7.617,7.147,6.579,5.856,4.953,3.844,2.741,1.727,0.951,0.455,0.246,0.217,0.217,0.257,0.478,0.873,1.17,1.248,1.329,1.168,0.846,0.521,0.261,0.063,-0.07,-0.144,-0.182,-0.202,-0.21,-0.213,-0.217,-0.217,-0.217,-0.213,-0.209,-0.202,-0.198,-0.189,-0.184,-0.181,-0.175,-0.173,-0.169,-0.166,-0.16,-0.157,-0.156,-0.148,-0.143,-0.143,-0.141,-0.14,-0.141,-0.141,-0.136,-0.136,-0.135,-0.135,-0.134,-0.134,-0.132,-0.129,-0.129,-0.127,-0.123,-0.123,-0.122,-0.116,-0.113,-0.106,-0.101,-0.099,-0.095,-0.091,-0.086,-0.087,-0.087,-0.086,-0.086,-0.085,-0.082,-0.08,-0.079,-0.079,-0.075,-0.073,-0.072,-0.068,-0.059,Chlorothiazide,-6.522878745280337
3.318,3.295,3.285,3.285,3.284,3.287,3.292,3.302,3.312,3.317,3.322,3.323,3.324,3.329,3.327,3.327,3.328,3.332,3.337,3.343,3.353,3.353,3.359,3.364,3.37,3.369,3.368,3.365,3.362,3.356,3.355,3.351,3.348,3.345,3.339,3.329,3.324,3.318,3.318,3.319,3.318,3.317,3.314,3.308,3.304,3.297,3.29,3.28,3.273,3.263,3.251,3.238,3.224,3.218,3.215,3.209,3.207,3.207,3.209,3.217,3.26,3.349,3.503,3.736,4.07,4.247,3.862,3.356,2.674,1.928,1.07,-0.091,-1.213,-2.197,-2.86,-3.207,-3.298,-3.298,-3.228,-2.934,-2.358,-1.665,-0.941,-0.151,0.671,1.542,2.361,3.064,3.705,4.208,4.418,4.411,4.355,3.967,3.379,2.729,1.965,1.107,0.206,-0.559,-1.281,-2.049,-2.687,-3.105,-3.266,-3.266,-3.214,-2.98,-2.452,-1.598,-0.513,0.651,1.593,2.368,3.07,3.63,4.065,4.176,3.814,3.543,3.348,3.246,3.193,3.166,3.151,3.149,3.143,3.143,3.143,3.15,3.158,3.171,3.18,3.193,3.2,3.21,3.215,3.22,3.222,3.222,3.228,3.237,3.247,3.255,3.257,3.267,3.268,3.268,3.268,3.271,3.274,3.274,3.278,3.281,3.282,3.286,3.288,3.288,3.286,3.282,3.277,3.274,3.268,3.267,3.267,3.271,3.274,3.278,3.282,3.294,3.3,3.306,3.314,3.316,3.325,3.333,3.338,3.339,3.343,3.345,3.346,3.345,3.344,3.345,3.357,Methylprednisolone,-4.795880017344075
3.133,3.107,3.101,3.098,3.098,3.098,3.1,3.111,3.12,3.125,3.13,3.133,3.135,3.139,3.138,3.139,3.139,3.141,3.144,3.152,3.161,3.163,3.171,3.177,3.178,3.177,3.177,3.172,3.168,3.166,3.165,3.157,3.155,3.155,3.144,3.137,3.133,3.128,3.129,3.129,3.127,3.127,3.123,3.117,3.112,3.106,3.101,3.094,3.081,3.073,3.062,3.051,3.037,3.032,3.026,3.022,3.019,3.019,3.019,3.039,3.085,3.174,3.331,3.558,3.876,4.089,3.808,3.351,2.753,2.06,1.041,-0.099,-1.181,-2.033,-2.632,-2.934,-2.942,-2.942,-2.9,-2.536,-1.97,-1.372,-0.67,-0.029,0.765,1.629,2.448,3.119,3.722,4.298,4.671,4.671,4.676,4.042,3.427,2.784,2.05,1.217,0.388,-0.393,-1.028,-1.688,-2.261,-2.741,-2.886,-2.915,-2.915,-2.73,-2.265,-1.499,-0.503,0.649,1.658,2.468,3.097,3.602,3.947,3.97,3.623,3.36,3.184,3.075,3.013,2.983,2.97,2.963,2.96,2.96,2.96,2.966,2.973,2.983,2.994,3.006,3.015,3.022,3.026,3.034,3.034,3.036,3.039,3.047,3.059,3.066,3.07,3.077,3.079,3.08,3.081,3.082,3.084,3.084,3.087,3.09,3.092,3.094,3.096,3.097,3.095,3.093,3.086,3.082,3.081,3.079,3.078,3.078,3.078,3.088,3.097,3.104,3.11,3.118,3.125,3.128,3.13,3.141,3.148,3.149,3.149,3.153,3.154,3.153,3.153,3.155,3.169,Hydrocortisone,-4.508638306165727
0.135,0.125,0.124,0.123,0.122,0.121,0.118,0.119,0.12,0.118,0.112,0.112,0.11,0.109,0.108,0.108,0.108,0.109,0.109,0.115,0.115,0.116,0.121,0.124,0.126,0.125,0.123,0.118,0.112,0.109,0.102,0.098,0.094,0.09,0.084,0.077,0.073,0.066,0.065,0.062,0.06,0.058,0.054,0.051,0.043,0.035,0.026,0.019,0.012,0.004,-0.0,-0.008,-0.01,-0.01,-0.011,-0.013,-0.01,-0.008,-0.003,0.012,0.04,0.081,0.177,0.325,0.558,0.884,1.314,1.731,2.002,2.071,2.137,2.164,2.177,2.283,2.383,2.716,3.222,4.028,4.742,5.51,6.51,7.602,8.297,9.014,9.769,10.632,11.412,12.183,12.913,13.365,13.343,13.343,13.377,13.228,12.629,11.854,11.03,10.165,9.347,8.6,7.871,6.967,5.818,4.9,4.207,3.462,2.755,2.378,2.217,2.126,2.112,2.079,2.028,1.982,1.863,1.476,1.019,0.667,0.396,0.216,0.106,0.044,0.012,0.0,-0.008,-0.012,-0.019,-0.021,-0.021,-0.019,-0.011,-0.01,-0.005,0.003,0.012,0.022,0.026,0.032,0.032,0.039,0.044,0.048,0.059,0.064,0.074,0.079,0.079,0.082,0.084,0.086,0.089,0.089,0.091,0.091,0.094,0.094,0.098,0.1,0.1,0.101,0.102,0.102,0.102,0.106,0.109,0.115,0.12,0.121,0.132,0.136,0.143,0.142,0.144,0.144,0.144,0.15,0.149,0.15,0.149,0.149,0.15,0.155,0.157,0.158,0.174,Lucifer_Yellow,-6.200659450546418
0.154,0.141,0.136,0.135,0.134,0.134,0.133,0.132,0.132,0.133,0.132,0.131,0.13,0.129,0.128,0.127,0.127,0.129,0.13,0.135,0.139,0.144,0.15,0.151,0.151,0.152,0.15,0.147,0.142,0.14,0.134,0.13,0.128,0.122,0.117,0.113,0.111,0.108,0.104,0.102,0.097,0.096,0.094,0.089,0.084,0.077,0.072,0.067,0.06,0.051,0.044,0.038,0.033,0.029,0.027,0.026,0.028,0.032,0.04,0.06,0.09,0.146,0.242,0.381,0.568,0.811,1.021,1.197,1.302,1.219,1.066,0.792,0.466,0.298,0.24,0.24,0.31,0.487,0.912,1.519,2.283,3.215,4.28,5.38,6.499,7.42,8.16,8.711,8.763,8.691,8.684,8.685,8.686,8.764,8.935,8.506,7.783,6.83,5.7,4.564,3.457,2.471,1.645,1.006,0.494,0.252,0.167,0.167,0.197,0.308,0.61,0.984,1.157,1.282,1.242,1.093,0.88,0.647,0.436,0.272,0.162,0.091,0.055,0.041,0.032,0.028,0.025,0.025,0.025,0.027,0.033,0.042,0.048,0.054,0.058,0.061,0.067,0.07,0.072,0.077,0.083,0.086,0.093,0.099,0.102,0.103,0.103,0.105,0.106,0.107,0.112,0.112,0.113,0.115,0.115,0.115,0.117,0.118,0.12,0.12,0.123,0.125,0.127,0.131,0.135,0.14,0.144,0.148,0.156,0.161,0.161,0.161,0.162,0.161,0.162,0.164,0.166,0.167,0.167,0.169,0.171,0.174,0.175,0.177,0.19,Lamotrigine,-4.055517327849832
0.996,0.987,0.985,0.984,0.984,0.984,0.986,0.988,0.989,0.991,0.992,0.992,0.989,0.989,0.987,0.986,0.986,0.987,0.99,0.996,1.0,1.005,1.008,1.011,1.013,1.012,1.008,1.006,1.005,1.002,0.998,0.993,0.99,0.985,0.982,0.98,0.98,0.978,0.976,0.974,0.974,0.971,0.969,0.968,0.966,0.961,0.958,0.951,0.945,0.941,0.935,0.929,0.923,0.921,0.92,0.92,0.921,0.922,0.922,0.926,0.94,0.969,1.022,1.111,1.246,1.41,1.572,1.661,1.495,1.161,0.633,0.102,-0.323,-0.662,-0.821,-0.867,-0.867,-0.772,-0.62,-0.316,0.055,0.635,1.179,1.646,2.066,2.462,2.329,2.178,2.055,1.99,1.977,1.977,1.986,2.033,2.132,2.297,2.48,2.216,1.782,1.317,0.78,0.256,-0.224,-0.584,-0.761,-0.886,-0.894,-0.894,-0.774,-0.496,-0.103,0.409,0.964,1.364,1.603,1.61,1.46,1.284,1.137,1.035,0.968,0.933,0.915,0.908,0.907,0.907,0.91,0.908,0.908,0.912,0.915,0.923,0.928,0.934,0.941,0.944,0.945,0.947,0.948,0.948,0.951,0.955,0.959,0.962,0.967,0.969,0.97,0.971,0.972,0.971,0.97,0.97,0.97,0.972,0.974,0.975,0.975,0.977,0.98,0.978,0.977,0.977,0.977,0.977,0.979,0.981,0.982,0.987,0.99,0.992,0.997,0.999,1.0,1.001,1.002,1.004,1.009,1.01,1.01,1.011,1.012,1.012,1.012,1.016,1.022,Fluparoxan,-3.6020599913279625
0.241,0.23,0.227,0.226,0.225,0.224,0.224,0.22,0.22,0.222,0.224,0.222,0.222,0.221,0.219,0.218,0.219,0.22,0.223,0.225,0.231,0.237,0.238,0.241,0.243,0.241,0.24,0.235,0.234,0.228,0.228,0.22,0.217,0.214,0.212,0.21,0.207,0.205,0.204,0.199,0.198,0.195,0.195,0.193,0.187,0.183,0.178,0.169,0.167,0.162,0.157,0.147,0.144,0.143,0.142,0.142,0.143,0.145,0.15,0.16,0.186,0.228,0.305,0.422,0.507,0.628,0.803,0.897,0.659,0.353,0.002,-0.339,-0.582,-0.693,-0.744,-0.744,-0.68,-0.487,-0.143,0.346,0.926,1.523,2.113,2.604,2.992,3.079,2.962,2.79,2.691,2.646,2.631,2.631,2.632,2.667,2.765,2.934,3.067,3.146,2.883,2.353,1.733,1.098,0.488,-0.042,-0.429,-0.667,-0.763,-0.763,-0.754,-0.628,-0.469,-0.152,0.208,0.533,0.791,0.866,0.678,0.533,0.432,0.332,0.244,0.189,0.16,0.15,0.144,0.14,0.138,0.138,0.139,0.141,0.143,0.152,0.157,0.16,0.166,0.171,0.171,0.171,0.176,0.178,0.181,0.187,0.193,0.196,0.198,0.2,0.2,0.2,0.202,0.207,0.205,0.205,0.206,0.207,0.208,0.209,0.21,0.21,0.211,0.213,0.212,0.212,0.213,0.214,0.222,0.224,0.227,0.234,0.238,0.24,0.244,0.242,0.242,0.242,0.245,0.247,0.248,0.248,0.248,0.249,0.254,0.256,0.257,0.26,0.268,Guanabenz,-3.721246399047171
3.24,3.219,3.213,3.211,3.211,3.212,3.214,3.226,3.235,3.24,3.244,3.246,3.247,3.248,3.247,3.245,3.245,3.249,3.253,3.261,3.27,3.274,3.277,3.283,3.289,3.286,3.286,3.282,3.279,3.275,3.274,3.268,3.262,3.258,3.252,3.246,3.239,3.238,3.238,3.237,3.237,3.236,3.233,3.229,3.223,3.217,3.211,3.204,3.197,3.186,3.176,3.165,3.152,3.146,3.143,3.139,3.136,3.134,3.134,3.148,3.189,3.265,3.401,3.611,3.934,4.123,3.795,3.286,2.68,1.999,1.112,-0.052,-1.114,-2.071,-2.74,-3.119,-3.191,-3.191,-3.185,-2.941,-2.508,-1.981,-1.571,-1.062,-0.515,0.074,0.649,1.098,1.456,1.719,1.92,1.982,1.848,1.575,1.257,0.911,0.389,-0.206,-0.798,-1.329,-1.773,-2.267,-2.777,-3.093,-3.168,-3.168,-3.142,-2.882,-2.332,-1.488,-0.446,0.661,1.709,2.405,3.045,3.584,3.968,4.02,3.677,3.433,3.278,3.18,3.13,3.108,3.097,3.091,3.088,3.088,3.089,3.093,3.102,3.111,3.122,3.133,3.14,3.149,3.152,3.156,3.159,3.159,3.163,3.169,3.18,3.186,3.189,3.198,3.199,3.199,3.198,3.199,3.199,3.199,3.204,3.207,3.207,3.211,3.213,3.214,3.211,3.208,3.203,3.197,3.195,3.195,3.195,3.195,3.196,3.201,3.207,3.216,3.224,3.228,3.236,3.238,3.245,3.253,3.256,3.261,3.263,3.263,3.264,3.263,3.263,3.263,3.275,Corticosterone,-3.853871964321762
1.785,1.774,1.773,1.773,1.773,1.773,1.775,1.78,1.782,1.785,1.788,1.791,1.791,1.79,1.789,1.788,1.789,1.791,1.792,1.8,1.803,1.806,1.809,1.812,1.814,1.814,1.814,1.811,1.807,1.806,1.804,1.799,1.795,1.791,1.788,1.784,1.78,1.78,1.78,1.78,1.778,1.775,1.774,1.773,1.769,1.764,1.76,1.752,1.746,1.739,1.736,1.73,1.723,1.72,1.718,1.717,1.716,1.716,1.716,1.72,1.734,1.763,1.816,1.914,1.834,1.749,1.673,1.528,1.39,1.054,0.606,-0.139,-0.677,-1.155,-1.427,-1.521,-1.557,-1.562,-1.549,-1.455,-1.205,-0.802,-0.31,0.275,0.93,1.619,2.278,2.582,2.756,2.814,2.803,2.803,2.804,2.838,2.757,2.557,1.895,1.195,0.531,-0.091,-0.63,-1.08,-1.398,-1.529,-1.581,-1.581,-1.553,-1.476,-1.282,-0.86,-0.396,0.33,0.902,1.254,1.415,1.579,1.707,1.785,1.864,1.833,1.762,1.728,1.712,1.702,1.697,1.693,1.692,1.692,1.692,1.695,1.698,1.705,1.711,1.717,1.72,1.724,1.728,1.732,1.734,1.735,1.737,1.743,1.748,1.75,1.751,1.755,1.758,1.762,1.763,1.763,1.764,1.764,1.766,1.767,1.769,1.77,1.771,1.771,1.771,1.768,1.768,1.766,1.765,1.765,1.764,1.764,1.765,1.769,1.773,1.776,1.78,1.787,1.789,1.791,1.794,1.797,1.8,1.799,1.804,1.804,1.804,1.804,1.805,1.805,1.811,Propranolol,-3.769551078621726
3.23,3.215,3.211,3.21,3.21,3.21,3.215,3.222,3.229,3.232,3.237,3.243,3.243,3.243,3.241,3.239,3.239,3.243,3.246,3.253,3.261,3.265,3.272,3.277,3.279,3.279,3.277,3.272,3.27,3.267,3.262,3.258,3.256,3.25,3.242,3.237,3.233,3.233,3.233,3.233,3.234,3.233,3.231,3.226,3.224,3.22,3.214,3.208,3.201,3.193,3.184,3.172,3.164,3.161,3.157,3.152,3.148,3.148,3.148,3.159,3.186,3.243,3.35,3.52,3.755,4.062,3.826,3.428,2.829,2.027,1.05,-0.11,-1.205,-2.095,-2.752,-3.168,-3.36,-3.421,-3.421,-3.326,-3.107,-2.755,-2.44,-2.251,-2.031,-1.753,-1.485,-1.231,-1.008,-0.838,-0.852,-0.852,-0.845,-0.862,-1.069,-1.337,-1.605,-1.837,-2.106,-2.314,-2.576,-2.971,-3.23,-3.371,-3.371,-3.34,-3.233,-2.893,-2.336,-1.529,-0.517,0.652,1.679,2.537,3.226,3.675,4.003,3.84,3.574,3.383,3.259,3.187,3.151,3.133,3.123,3.12,3.119,3.119,3.119,3.123,3.129,3.137,3.145,3.153,3.163,3.168,3.172,3.173,3.173,3.173,3.175,3.181,3.188,3.198,3.202,3.205,3.205,3.203,3.203,3.203,3.204,3.203,3.206,3.208,3.212,3.214,3.216,3.216,3.214,3.208,3.205,3.2,3.195,3.195,3.194,3.194,3.195,3.198,3.203,3.21,3.215,3.219,3.227,3.229,3.233,3.243,3.248,3.252,3.252,3.253,3.253,3.253,3.253,3.253,3.262,Testosterone,-3.853871964321762
0.724,0.699,0.685,0.682,0.682,0.682,0.684,0.685,0.688,0.69,0.689,0.686,0.688,0.687,0.682,0.681,0.68,0.681,0.688,0.692,0.706,0.713,0.713,0.716,0.72,0.719,0.718,0.718,0.715,0.708,0.701,0.695,0.691,0.682,0.672,0.661,0.652,0.646,0.638,0.635,0.632,0.624,0.62,0.61,0.602,0.594,0.583,0.572,0.561,0.546,0.537,0.52,0.509,0.493,0.491,0.492,0.492,0.5,0.519,0.552,0.612,0.718,0.918,1.231,1.65,2.168,2.511,2.534,2.445,2.352,2.187,1.51,0.978,0.823,0.786,0.819,1.123,1.935,3.275,5.088,7.176,9.509,11.223,12.384,13.473,14.558,15.637,16.213,16.617,17.048,17.019,17.019,17.055,16.963,16.591,16.206,15.134,14.105,12.928,11.776,10.208,7.782,5.569,3.652,2.134,1.151,0.689,0.674,0.621,0.741,1.193,1.825,2.232,2.334,2.441,2.506,2.29,1.815,1.342,0.987,0.754,0.608,0.534,0.499,0.487,0.478,0.473,0.473,0.473,0.476,0.489,0.502,0.518,0.526,0.537,0.548,0.556,0.566,0.572,0.578,0.586,0.597,0.603,0.613,0.623,0.627,0.631,0.631,0.637,0.641,0.644,0.646,0.649,0.65,0.653,0.655,0.658,0.66,0.662,0.665,0.672,0.674,0.681,0.688,0.692,0.702,0.709,0.719,0.725,0.726,0.733,0.738,0.743,0.745,0.746,0.75,0.749,0.752,0.754,0.756,0.756,0.761,0.761,0.768,0.787,Cefuroxime,-6.795880017344075
0.053,0.04,0.035,0.033,0.032,0.032,0.032,0.032,0.032,0.032,0.028,0.028,0.025,0.024,0.022,0.021,0.021,0.024,0.028,0.034,0.038,0.042,0.047,0.049,0.05,0.05,0.048,0.044,0.04,0.035,0.034,0.03,0.023,0.016,0.011,0.009,0.006,0.003,-0.0,-0.003,-0.005,-0.007,-0.01,-0.013,-0.018,-0.023,-0.029,-0.036,-0.042,-0.048,-0.056,-0.065,-0.069,-0.075,-0.075,-0.076,-0.074,-0.068,-0.056,-0.042,-0.011,0.046,0.159,0.312,0.527,0.817,1.197,1.454,1.43,1.373,1.191,0.79,0.497,0.383,0.366,0.366,0.535,0.975,1.745,2.805,4.129,5.26,6.326,7.109,7.651,8.189,8.603,8.671,8.472,8.404,8.379,8.379,8.401,8.516,8.791,8.88,8.493,7.96,7.382,6.683,5.605,4.397,3.113,1.962,1.149,0.574,0.318,0.266,0.266,0.356,0.592,1.005,1.293,1.343,1.428,1.323,0.937,0.62,0.377,0.205,0.072,-0.005,-0.047,-0.064,-0.071,-0.074,-0.078,-0.078,-0.078,-0.075,-0.067,-0.064,-0.06,-0.05,-0.043,-0.038,-0.036,-0.032,-0.028,-0.027,-0.02,-0.015,-0.013,-0.009,-0.0,0.001,0.003,0.003,0.004,0.005,0.006,0.006,0.008,0.008,0.01,0.01,0.013,0.014,0.017,0.018,0.021,0.023,0.025,0.028,0.033,0.035,0.043,0.047,0.049,0.053,0.06,0.059,0.058,0.058,0.059,0.061,0.062,0.063,0.066,0.066,0.068,0.073,0.075,0.079,0.085,Hydrochlorothiazide,-6.0
0.669,0.653,0.645,0.644,0.642,0.642,0.643,0.645,0.645,0.644,0.644,0.646,0.644,0.643,0.642,0.641,0.641,0.643,0.646,0.654,0.655,0.656,0.661,0.665,0.667,0.667,0.665,0.661,0.657,0.651,0.651,0.648,0.64,0.638,0.635,0.629,0.625,0.62,0.616,0.608,0.609,0.6,0.594,0.59,0.584,0.578,0.575,0.57,0.56,0.551,0.542,0.535,0.527,0.521,0.52,0.52,0.524,0.524,0.536,0.553,0.59,0.669,0.796,0.986,1.277,1.55,1.449,1.414,1.309,1.258,1.258,0.935,0.434,0.099,0.041,0.041,0.149,0.448,1.147,2.221,3.606,4.035,4.627,5.231,5.753,6.359,6.72,7.252,7.992,8.336,8.334,8.334,8.369,8.189,7.504,6.996,6.607,6.009,5.452,4.921,4.234,3.713,2.698,1.471,0.616,0.131,0.008,-0.008,-0.012,0.204,0.682,1.139,1.213,1.217,1.307,1.36,1.455,1.401,1.068,0.847,0.681,0.585,0.534,0.511,0.502,0.494,0.488,0.486,0.486,0.488,0.503,0.51,0.518,0.526,0.533,0.538,0.545,0.553,0.559,0.562,0.568,0.572,0.576,0.584,0.591,0.593,0.594,0.595,0.597,0.605,0.607,0.608,0.61,0.612,0.616,0.617,0.619,0.62,0.62,0.62,0.623,0.623,0.627,0.629,0.633,0.636,0.645,0.649,0.651,0.654,0.659,0.661,0.664,0.667,0.675,0.679,0.68,0.684,0.684,0.686,0.688,0.688,0.688,0.697,0.709,Sulfasalazine,-6.318758762624412
1.644,1.633,1.628,1.626,1.626,1.627,1.627,1.628,1.633,1.636,1.638,1.639,1.64,1.639,1.639,1.64,1.638,1.638,1.639,1.64,1.644,1.646,1.65,1.652,1.653,1.652,1.65,1.649,1.647,1.645,1.642,1.638,1.633,1.629,1.624,1.616,1.613,1.607,1.604,1.601,1.594,1.59,1.587,1.582,1.58,1.577,1.57,1.563,1.555,1.543,1.534,1.528,1.522,1.513,1.505,1.502,1.501,1.502,1.503,1.513,1.521,1.557,1.614,1.713,1.858,2.006,2.143,2.147,1.853,1.486,1.062,0.661,0.401,0.27,0.27,0.32,0.42,0.834,1.374,2.117,3.052,3.916,4.575,5.198,5.797,6.358,6.793,7.131,7.253,7.176,7.149,7.148,7.161,7.281,7.364,7.059,6.657,6.125,5.533,4.896,4.182,3.266,2.29,1.475,0.904,0.417,0.195,0.187,0.187,0.243,0.48,0.864,1.303,1.689,2.051,2.19,2.047,1.898,1.748,1.633,1.563,1.52,1.504,1.503,1.498,1.497,1.497,1.498,1.502,1.51,1.521,1.529,1.536,1.541,1.546,1.557,1.564,1.571,1.575,1.579,1.58,1.583,1.589,1.592,1.596,1.601,1.605,1.608,1.609,1.61,1.611,1.612,1.614,1.619,1.62,1.622,1.623,1.625,1.626,1.631,1.631,1.631,1.631,1.632,1.635,1.64,1.642,1.645,1.649,1.652,1.652,1.657,1.659,1.661,1.662,1.662,1.666,1.666,1.666,1.666,1.666,1.665,1.665,1.668,1.672,Ondansetron,-3.958607314841775
1.616,1.605,1.598,1.596,1.597,1.598,1.599,1.601,1.606,1.609,1.612,1.614,1.614,1.612,1.612,1.612,1.612,1.614,1.616,1.619,1.623,1.631,1.636,1.637,1.638,1.638,1.637,1.635,1.631,1.629,1.628,1.627,1.623,1.62,1.615,1.61,1.606,1.605,1.601,1.598,1.598,1.596,1.595,1.593,1.589,1.585,1.577,1.574,1.568,1.561,1.554,1.546,1.539,1.535,1.532,1.53,1.529,1.529,1.535,1.55,1.577,1.628,1.726,1.867,2.055,2.214,2.33,2.148,1.793,1.37,0.895,0.351,-0.297,-0.88,-1.295,-1.555,-1.656,-1.658,-1.658,-1.537,-1.3,-0.93,-0.519,-0.076,0.347,0.429,0.301,0.184,0.112,0.089,0.088,0.086,0.087,0.099,0.172,0.302,0.45,0.452,0.047,-0.411,-0.839,-1.227,-1.507,-1.652,-1.709,-1.702,-1.624,-1.437,-1.076,-0.543,0.082,0.681,1.192,1.629,2.016,2.306,2.252,2.1,1.906,1.75,1.639,1.572,1.535,1.52,1.51,1.506,1.502,1.502,1.502,1.504,1.509,1.518,1.527,1.534,1.54,1.545,1.549,1.552,1.553,1.556,1.557,1.563,1.568,1.571,1.575,1.578,1.579,1.582,1.582,1.583,1.583,1.584,1.586,1.587,1.587,1.589,1.59,1.589,1.589,1.592,1.589,1.586,1.586,1.588,1.588,1.589,1.592,1.597,1.601,1.606,1.611,1.614,1.616,1.619,1.622,1.623,1.626,1.628,1.631,1.632,1.632,1.63,1.631,1.635,1.642,Warfarin,-4.356547323513813
1.029,1.021,1.018,1.017,1.017,1.017,1.018,1.02,1.024,1.021,1.021,1.022,1.022,1.021,1.021,1.021,1.021,1.021,1.024,1.026,1.033,1.036,1.04,1.043,1.044,1.043,1.042,1.04,1.033,1.032,1.029,1.026,1.022,1.015,1.009,1.005,1.003,1.0,0.999,0.998,0.997,0.996,0.994,0.992,0.988,0.983,0.977,0.972,0.966,0.959,0.955,0.945,0.941,0.935,0.933,0.933,0.932,0.932,0.936,0.948,0.974,1.01,1.082,1.19,1.342,1.516,1.699,1.857,1.658,1.322,0.896,0.451,0.05,-0.238,-0.373,-0.394,-0.394,-0.32,-0.035,0.485,1.233,2.17,3.229,4.357,5.439,6.282,6.838,6.687,6.623,6.592,6.589,6.589,6.589,6.633,6.739,6.989,6.654,5.797,4.707,3.551,2.441,1.451,0.642,0.04,-0.321,-0.44,-0.44,-0.438,-0.355,-0.092,0.293,0.743,1.182,1.553,1.805,1.753,1.572,1.399,1.235,1.112,1.025,0.978,0.955,0.943,0.935,0.933,0.932,0.932,0.932,0.933,0.935,0.943,0.951,0.958,0.961,0.966,0.968,0.97,0.971,0.974,0.978,0.983,0.988,0.996,0.998,0.998,0.998,0.999,1.001,1.003,1.005,1.005,1.005,1.007,1.009,1.009,1.009,1.012,1.012,1.012,1.012,1.013,1.013,1.013,1.017,1.018,1.021,1.026,1.033,1.035,1.037,1.04,1.041,1.041,1.041,1.044,1.047,1.046,1.046,1.048,1.051,1.051,1.054,1.056,1.061,Phenytoin,-3.9208187539523753
0.174,0.157,0.151,0.151,0.151,0.151,0.151,0.148,0.146,0.146,0.147,0.149,0.151,0.151,0.151,0.149,0.149,0.15,0.153,0.157,0.161,0.166,0.169,0.173,0.173,0.173,0.172,0.169,0.166,0.163,0.158,0.153,0.149,0.149,0.145,0.137,0.132,0.129,0.123,0.118,0.115,0.111,0.109,0.106,0.101,0.094,0.088,0.08,0.072,0.065,0.056,0.045,0.039,0.028,0.024,0.024,0.026,0.033,0.046,0.068,0.085,0.13,0.205,0.311,0.466,0.684,0.921,0.97,0.869,0.719,0.568,0.507,0.487,0.487,0.598,0.913,1.546,2.269,3.23,4.496,6.055,7.701,9.412,11.024,12.355,13.441,13.921,14.02,14.179,14.359,14.523,14.523,14.561,14.429,14.253,14.268,13.988,12.828,11.498,9.919,8.213,6.53,4.901,3.516,2.447,1.674,0.985,0.588,0.447,0.443,0.443,0.506,0.647,0.804,0.918,0.988,0.736,0.513,0.336,0.212,0.131,0.079,0.05,0.031,0.027,0.022,0.019,0.014,0.014,0.02,0.029,0.036,0.046,0.052,0.059,0.064,0.068,0.072,0.08,0.086,0.092,0.098,0.103,0.107,0.11,0.114,0.116,0.122,0.125,0.129,0.132,0.132,0.132,0.133,0.133,0.135,0.135,0.136,0.136,0.14,0.144,0.149,0.152,0.158,0.163,0.169,0.176,0.185,0.189,0.19,0.19,0.192,0.193,0.193,0.193,0.193,0.193,0.195,0.195,0.197,0.197,0.2,0.201,0.206,0.213,Acyclovir,-6.6777807052660805
3.251,3.229,3.216,3.213,3.212,3.215,3.215,3.228,3.237,3.241,3.249,3.252,3.253,3.256,3.254,3.254,3.255,3.257,3.262,3.27,3.28,3.283,3.287,3.296,3.299,3.299,3.297,3.292,3.288,3.287,3.282,3.276,3.276,3.271,3.262,3.255,3.248,3.244,3.242,3.242,3.242,3.239,3.235,3.231,3.226,3.219,3.212,3.204,3.19,3.18,3.168,3.154,3.142,3.134,3.128,3.123,3.123,3.122,3.126,3.151,3.203,3.304,3.47,3.733,4.089,4.466,4.186,3.769,3.148,2.381,1.3,0.065,-1.087,-2.033,-2.653,-2.977,-2.977,-2.984,-2.849,-2.403,-1.653,-0.925,-0.171,0.863,1.716,2.335,3.123,3.802,4.592,4.859,4.847,4.839,4.85,4.799,4.103,3.455,2.789,2.207,1.288,0.381,-0.549,-1.315,-2.106,-2.67,-2.916,-2.954,-2.954,-2.776,-2.277,-1.444,-0.368,0.831,1.957,2.856,3.492,3.996,4.321,4.193,3.801,3.511,3.311,3.188,3.12,3.088,3.071,3.065,3.06,3.06,3.061,3.065,3.074,3.088,3.099,3.11,3.122,3.129,3.136,3.144,3.143,3.144,3.147,3.16,3.169,3.178,3.181,3.189,3.195,3.194,3.194,3.195,3.196,3.196,3.202,3.205,3.207,3.21,3.212,3.21,3.21,3.204,3.202,3.196,3.196,3.194,3.194,3.195,3.197,3.207,3.214,3.223,3.231,3.238,3.245,3.248,3.252,3.261,3.268,3.271,3.272,3.274,3.277,3.277,3.277,3.281,3.296,Dexamethasone,-4.698970004336019
1.973,1.962,1.96,1.96,1.96,1.96,1.963,1.967,1.972,1.976,1.978,1.981,1.98,1.98,1.979,1.978,1.978,1.979,1.983,1.988,1.994,1.996,2.0,2.003,2.005,2.006,2.004,2.001,1.999,1.996,1.993,1.99,1.987,1.982,1.977,1.973,1.97,1.969,1.969,1.968,1.967,1.965,1.964,1.961,1.959,1.954,1.949,1.942,1.938,1.928,1.924,1.917,1.909,1.905,1.903,1.901,1.9,1.9,1.901,1.905,1.919,1.945,2.013,2.117,2.039,1.953,1.915,1.647,1.324,0.913,0.492,-0.201,-0.874,-1.35,-1.63,-1.736,-1.764,-1.774,-1.762,-1.608,-1.293,-0.814,-0.229,0.437,1.092,1.754,2.199,2.379,2.548,2.599,2.588,2.588,2.592,2.622,2.554,2.354,2.052,1.359,0.703,0.017,-0.603,-1.138,-1.523,-1.714,-1.787,-1.8,-1.767,-1.691,-1.496,-1.084,-0.467,0.193,0.725,1.129,1.516,1.868,1.924,1.995,2.061,2.02,1.95,1.906,1.892,1.885,1.882,1.879,1.876,1.875,1.875,1.878,1.884,1.89,1.897,1.905,1.91,1.912,1.917,1.918,1.922,1.921,1.924,1.929,1.936,1.939,1.941,1.946,1.948,1.95,1.95,1.952,1.951,1.951,1.953,1.955,1.957,1.958,1.959,1.959,1.959,1.956,1.954,1.954,1.953,1.951,1.951,1.951,1.953,1.956,1.962,1.964,1.968,1.974,1.977,1.979,1.983,1.986,1.989,1.991,1.992,1.992,1.994,1.994,1.994,1.995,2.001,Alprenolol,-3.795880017344075
